alias,syllable,onset,vowel,variant,file,duration_s,peak,rms,crest_db,zero_crossing_rate,spectral_centroid_hz,energy_ratio_above_4khz
ㄱㅏ,가,ㄱ,ㅏ,clean,detailed_voicebank\03_all_399_clean_female\ㄱ\가.wav,0.41798186,0.85995483,0.30865536,8.90003638,0.12575955,2679.94901846,0.16120808
ㄱㅏ,가,ㄱ,ㅏ,soft,detailed_voicebank\04_all_399_soft_female\ㄱ\가.wav,0.41798186,0.86605706,0.35139511,7.83501595,0.13221571,2682.45431893,0.15950199
ㄱㅐ,개,ㄱ,ㅐ,clean,detailed_voicebank\03_all_399_clean_female\ㄱ\개.wav,0.41798186,0.85995483,0.28775487,9.50905918,0.12554253,3110.80165271,0.23593704
ㄱㅐ,개,ㄱ,ㅐ,soft,detailed_voicebank\04_all_399_soft_female\ㄱ\개.wav,0.41798186,0.85965323,0.32790572,8.37148631,0.13275825,3092.97109473,0.2227008
ㄱㅑ,갸,ㄱ,ㅑ,clean,detailed_voicebank\03_all_399_clean_female\ㄱ\갸.wav,0.41798186,0.85995483,0.29740044,9.22268065,0.12901476,3023.12971571,0.26456974
ㄱㅑ,갸,ㄱ,ㅑ,soft,detailed_voicebank\04_all_399_soft_female\ㄱ\갸.wav,0.41798186,0.86366668,0.33879435,8.12819997,0.13574219,3089.65662773,0.26926926
ㄱㅒ,걔,ㄱ,ㅒ,clean,detailed_voicebank\03_all_399_clean_female\ㄱ\걔.wav,0.41798186,0.85995483,0.26609934,10.18863675,0.11935764,3003.06035055,0.26391507
ㄱㅒ,걔,ㄱ,ㅒ,soft,detailed_voicebank\04_all_399_soft_female\ㄱ\걔.wav,0.41798186,0.85995575,0.31154723,8.81904413,0.12586806,3047.82410693,0.26295152
ㄱㅓ,거,ㄱ,ㅓ,clean,detailed_voicebank\03_all_399_clean_female\ㄱ\거.wav,0.41798186,0.85995483,0.25540025,10.54508665,0.10828993,2661.47675952,0.15046281
ㄱㅓ,거,ㄱ,ㅓ,soft,detailed_voicebank\04_all_399_soft_female\ㄱ\거.wav,0.41798186,0.86265422,0.30240806,9.10486784,0.1155599,2598.37869331,0.14387525
ㄱㅔ,게,ㄱ,ㅔ,clean,detailed_voicebank\03_all_399_clean_female\ㄱ\게.wav,0.41798186,0.85995483,0.25959849,10.40346973,0.10742188,3277.10930955,0.30641801
ㄱㅔ,게,ㄱ,ㅔ,soft,detailed_voicebank\04_all_399_soft_female\ㄱ\게.wav,0.41798186,0.86400924,0.30635689,9.00581462,0.11035156,3291.50048189,0.30281877
ㄱㅕ,겨,ㄱ,ㅕ,clean,detailed_voicebank\03_all_399_clean_female\ㄱ\겨.wav,0.41798186,0.85995483,0.28241257,9.67183224,0.10503472,2886.49020823,0.23926139
ㄱㅕ,겨,ㄱ,ㅕ,soft,detailed_voicebank\04_all_399_soft_female\ㄱ\겨.wav,0.41798186,0.85937739,0.32865788,8.34879755,0.10921224,2909.86207499,0.23854263
ㄱㅖ,계,ㄱ,ㅖ,clean,detailed_voicebank\03_all_399_clean_female\ㄱ\계.wav,0.41798186,0.85995483,0.26791119,10.12969562,0.1359592,3267.47174699,0.3036992
ㄱㅖ,계,ㄱ,ㅖ,soft,detailed_voicebank\04_all_399_soft_female\ㄱ\계.wav,0.41798186,0.85811659,0.31437274,8.72202827,0.14095052,3295.47185094,0.3009401
ㄱㅗ,고,ㄱ,ㅗ,clean,detailed_voicebank\03_all_399_clean_female\ㄱ\고.wav,0.41798186,0.85995483,0.30390884,9.03464622,0.08322483,2288.79696369,0.13661085
ㄱㅗ,고,ㄱ,ㅗ,soft,detailed_voicebank\04_all_399_soft_female\ㄱ\고.wav,0.41798186,0.86331032,0.35088097,7.82014234,0.0882704,2286.03245776,0.1407035
ㄱㅘ,과,ㄱ,ㅘ,clean,detailed_voicebank\03_all_399_clean_female\ㄱ\과.wav,0.41798186,0.85995483,0.2157326,12.01119736,0.08582899,2328.18397358,0.13582907
ㄱㅘ,과,ㄱ,ㅘ,soft,detailed_voicebank\04_all_399_soft_female\ㄱ\과.wav,0.41798186,0.86305523,0.25773947,10.49715323,0.0922309,2291.58502178,0.13301436
ㄱㅙ,괘,ㄱ,ㅙ,clean,detailed_voicebank\03_all_399_clean_female\ㄱ\괘.wav,0.41798186,0.85995483,0.25323829,10.61892532,0.09646267,2452.75365936,0.15665875
ㄱㅙ,괘,ㄱ,ㅙ,soft,detailed_voicebank\04_all_399_soft_female\ㄱ\괘.wav,0.41798186,0.86357216,0.29934075,9.20265578,0.10199653,2450.12890856,0.15567305
ㄱㅚ,괴,ㄱ,ㅚ,clean,detailed_voicebank\03_all_399_clean_female\ㄱ\괴.wav,0.41798186,0.85995483,0.24180142,11.02033587,0.11024306,2465.99570547,0.17136071
ㄱㅚ,괴,ㄱ,ㅚ,soft,detailed_voicebank\04_all_399_soft_female\ㄱ\괴.wav,0.41798186,0.86337465,0.28682088,9.57177066,0.11653646,2438.89591162,0.16687246
ㄱㅛ,교,ㄱ,ㅛ,clean,detailed_voicebank\03_all_399_clean_female\ㄱ\교.wav,0.41798186,0.85995483,0.29056835,9.42454676,0.11914062,2884.41099946,0.24908973
ㄱㅛ,교,ㄱ,ㅛ,soft,detailed_voicebank\04_all_399_soft_female\ㄱ\교.wav,0.41798186,0.86163451,0.3341856,8.22670704,0.125,2925.46030884,0.25613251
ㄱㅜ,구,ㄱ,ㅜ,clean,detailed_voicebank\03_all_399_clean_female\ㄱ\구.wav,0.41798186,0.85995483,0.30119022,9.11269548,0.06456163,2339.7523455,0.12428758
ㄱㅜ,구,ㄱ,ㅜ,soft,detailed_voicebank\04_all_399_soft_female\ㄱ\구.wav,0.41798186,0.86389195,0.35130556,7.81548813,0.07161458,2265.32130471,0.11738802
ㄱㅝ,궈,ㄱ,ㅝ,clean,detailed_voicebank\03_all_399_clean_female\ㄱ\궈.wav,0.41798186,0.85995483,0.28907478,9.46930872,0.0890842,2286.24431623,0.10955951
ㄱㅝ,궈,ㄱ,ㅝ,soft,detailed_voicebank\04_all_399_soft_female\ㄱ\궈.wav,0.41798186,0.86523546,0.33352125,8.28021592,0.09559462,2316.50209036,0.12183186
ㄱㅞ,궤,ㄱ,ㅞ,clean,detailed_voicebank\03_all_399_clean_female\ㄱ\궤.wav,0.41798186,0.85995483,0.26748408,10.1435541,0.10026042,2443.59205099,0.15332865
ㄱㅞ,궤,ㄱ,ㅞ,soft,detailed_voicebank\04_all_399_soft_female\ㄱ\궤.wav,0.41798186,0.86386728,0.31277897,8.82418965,0.10584852,2445.85276973,0.15561403
ㄱㅟ,귀,ㄱ,ㅟ,clean,detailed_voicebank\03_all_399_clean_female\ㄱ\귀.wav,0.41798186,0.85995483,0.32825053,8.36540415,0.06738281,2539.30035522,0.17733417
ㄱㅟ,귀,ㄱ,ㅟ,soft,detailed_voicebank\04_all_399_soft_female\ㄱ\귀.wav,0.41798186,0.85081181,0.37969614,7.00794663,0.0734592,2550.14347572,0.17759069
ㄱㅠ,규,ㄱ,ㅠ,clean,detailed_voicebank\03_all_399_clean_female\ㄱ\규.wav,0.41798186,0.85995483,0.2587563,10.43169436,0.07432726,2922.77785553,0.24789949
ㄱㅠ,규,ㄱ,ㅠ,soft,detailed_voicebank\04_all_399_soft_female\ㄱ\규.wav,0.41798186,0.86126782,0.30270899,9.08225795,0.08040365,2912.57413881,0.24173184
ㄱㅡ,그,ㄱ,ㅡ,clean,detailed_voicebank\03_all_399_clean_female\ㄱ\그.wav,0.41798186,0.85995483,0.27049261,10.04640466,0.08235677,2620.2375184,0.18439035
ㄱㅡ,그,ㄱ,ㅡ,soft,detailed_voicebank\04_all_399_soft_female\ㄱ\그.wav,0.41798186,0.86294663,0.31789514,8.67400104,0.08940972,2598.9454366,0.18930148
ㄱㅢ,긔,ㄱ,ㅢ,clean,detailed_voicebank\03_all_399_clean_female\ㄱ\긔.wav,0.41798186,0.85995483,0.25354343,10.60846565,0.10232205,2977.41435979,0.22494341
ㄱㅢ,긔,ㄱ,ㅢ,soft,detailed_voicebank\04_all_399_soft_female\ㄱ\긔.wav,0.41798186,0.86293864,0.2988648,9.21010288,0.10731337,2970.14299845,0.22546559
ㄱㅣ,기,ㄱ,ㅣ,clean,detailed_voicebank\03_all_399_clean_female\ㄱ\기.wav,0.41798186,0.85995483,0.30848983,8.90469576,0.10275608,3152.70140202,0.29382142
ㄱㅣ,기,ㄱ,ㅣ,soft,detailed_voicebank\04_all_399_soft_female\ㄱ\기.wav,0.41798186,0.85805246,0.35383101,7.69435894,0.10557726,3198.52484172,0.29207225
ㄲㅏ,까,ㄲ,ㅏ,clean,detailed_voicebank\03_all_399_clean_female\ㄲ\까.wav,0.41,0.85995483,0.2576098,10.47026522,0.08451327,2791.08562528,0.19444923
ㄲㅏ,까,ㄲ,ㅏ,soft,detailed_voicebank\04_all_399_soft_female\ㄲ\까.wav,0.41,0.86529679,0.30443167,9.07350522,0.08844027,2752.90947058,0.19225913
ㄲㅐ,깨,ㄲ,ㅐ,clean,detailed_voicebank\03_all_399_clean_female\ㄲ\깨.wav,0.41,0.85995483,0.24976858,10.73875686,0.11438053,3094.25749364,0.23560773
ㄲㅐ,깨,ㄲ,ㅐ,soft,detailed_voicebank\04_all_399_soft_female\ㄲ\깨.wav,0.41,0.86544465,0.29565805,9.32899185,0.11803097,3022.33406452,0.22556544
ㄲㅑ,꺄,ㄲ,ㅑ,clean,detailed_voicebank\03_all_399_clean_female\ㄲ\꺄.wav,0.41,0.85995483,0.25842,10.44299025,0.11382743,2895.75166804,0.23918766
ㄲㅑ,꺄,ㄲ,ㅑ,soft,detailed_voicebank\04_all_399_soft_female\ㄲ\꺄.wav,0.41,0.86030924,0.30432191,9.02642734,0.11769912,2907.55524103,0.24020364
ㄲㅒ,꺠,ㄲ,ㅒ,clean,detailed_voicebank\03_all_399_clean_female\ㄲ\꺠.wav,0.41,0.85995483,0.2559164,10.52755056,0.11714602,3030.72662141,0.25707974
ㄲㅒ,꺠,ㄲ,ㅒ,soft,detailed_voicebank\04_all_399_soft_female\ㄲ\꺠.wav,0.41,0.86077065,0.2967639,9.24952767,0.11969027,3094.40579543,0.26443085
ㄲㅓ,꺼,ㄲ,ㅓ,clean,detailed_voicebank\03_all_399_clean_female\ㄲ\꺼.wav,0.41,0.85995483,0.3232956,8.497517,0.0829646,2635.38324058,0.15082026
ㄲㅓ,꺼,ㄲ,ㅓ,soft,detailed_voicebank\04_all_399_soft_female\ㄲ\꺼.wav,0.41,0.86465284,0.37340839,7.29315405,0.08678097,2618.96034613,0.15160266
ㄲㅔ,께,ㄲ,ㅔ,clean,detailed_voicebank\03_all_399_clean_female\ㄲ\께.wav,0.41,0.85995483,0.23705567,11.19250597,0.12223451,3133.86878793,0.26803923
ㄲㅔ,께,ㄲ,ㅔ,soft,detailed_voicebank\04_all_399_soft_female\ㄲ\께.wav,0.41,0.86413269,0.28068034,9.76736878,0.12356195,3109.06043416,0.26311288
ㄲㅕ,껴,ㄲ,ㅕ,clean,detailed_voicebank\03_all_399_clean_female\ㄲ\껴.wav,0.41,0.85995483,0.24899267,10.76578166,0.11537611,2973.97704332,0.25588566
ㄲㅕ,껴,ㄲ,ㅕ,soft,detailed_voicebank\04_all_399_soft_female\ㄲ\껴.wav,0.41,0.86040715,0.29383715,9.33194617,0.11792035,2992.99472522,0.25496119
ㄲㅖ,꼐,ㄲ,ㅖ,clean,detailed_voicebank\03_all_399_clean_female\ㄲ\꼐.wav,0.41,0.85995483,0.26551302,10.20779644,0.1119469,3228.96227557,0.28448712
ㄲㅖ,꼐,ㄲ,ㅖ,soft,detailed_voicebank\04_all_399_soft_female\ㄲ\꼐.wav,0.41,0.86345811,0.31401392,8.7858475,0.11438053,3276.45710586,0.28655557
ㄲㅗ,꼬,ㄲ,ㅗ,clean,detailed_voicebank\03_all_399_clean_female\ㄲ\꼬.wav,0.41,0.85995483,0.30506694,9.00160994,0.1034292,2339.86860145,0.13568936
ㄲㅗ,꼬,ㄲ,ㅗ,soft,detailed_voicebank\04_all_399_soft_female\ㄲ\꼬.wav,0.41,0.86309077,0.3539274,7.74284575,0.10696903,2313.6453577,0.1378291
ㄲㅘ,꽈,ㄲ,ㅘ,clean,detailed_voicebank\03_all_399_clean_female\ㄲ\꽈.wav,0.41,0.85995483,0.26895732,10.09584545,0.09823009,2317.59715915,0.12578729
ㄲㅘ,꽈,ㄲ,ㅘ,soft,detailed_voicebank\04_all_399_soft_female\ㄲ\꽈.wav,0.41,0.86532292,0.30648756,9.01530708,0.10132743,2341.50528341,0.13830318
ㄲㅙ,꽤,ㄲ,ㅙ,clean,detailed_voicebank\03_all_399_clean_female\ㄲ\꽤.wav,0.41,0.85995483,0.23313279,11.33744544,0.09701327,2503.59864331,0.16148535
ㄲㅙ,꽤,ㄲ,ㅙ,soft,detailed_voicebank\04_all_399_soft_female\ㄲ\꽤.wav,0.41,0.86453904,0.27544533,9.93498388,0.10022124,2471.14595514,0.1596522
ㄲㅚ,꾀,ㄲ,ㅚ,clean,detailed_voicebank\03_all_399_clean_female\ㄲ\꾀.wav,0.41,0.85995483,0.29738444,9.2231481,0.08893805,2648.25649772,0.18528042
ㄲㅚ,꾀,ㄲ,ㅚ,soft,detailed_voicebank\04_all_399_soft_female\ㄲ\꾀.wav,0.41,0.86278355,0.34448973,7.97451143,0.09247788,2662.66258964,0.1909917
ㄲㅛ,꾜,ㄲ,ㅛ,clean,detailed_voicebank\03_all_399_clean_female\ㄲ\꾜.wav,0.41,0.85995483,0.27687559,9.84381932,0.10276549,2961.3710143,0.25654821
ㄲㅛ,꾜,ㄲ,ㅛ,soft,detailed_voicebank\04_all_399_soft_female\ㄲ\꾜.wav,0.41,0.86062249,0.32219066,8.53399482,0.1050885,2970.08445074,0.2551831
ㄲㅜ,꾸,ㄲ,ㅜ,clean,detailed_voicebank\03_all_399_clean_female\ㄲ\꾸.wav,0.41,0.85995483,0.2739464,9.93620101,0.06272124,2337.66453661,0.12212927
ㄲㅜ,꾸,ㄲ,ㅜ,soft,detailed_voicebank\04_all_399_soft_female\ㄲ\꾸.wav,0.41,0.86576507,0.3239014,8.53974457,0.06626106,2260.45491388,0.10988731
ㄲㅝ,꿔,ㄲ,ㅝ,clean,detailed_voicebank\03_all_399_clean_female\ㄲ\꿔.wav,0.41,0.85995483,0.25610118,10.52128138,0.07389381,2341.4070412,0.11551545
ㄲㅝ,꿔,ㄲ,ㅝ,soft,detailed_voicebank\04_all_399_soft_female\ㄲ\꿔.wav,0.41,0.86414604,0.30306185,9.10111745,0.07776549,2316.30602187,0.1124918
ㄲㅞ,꿰,ㄲ,ㅞ,clean,detailed_voicebank\03_all_399_clean_female\ㄲ\꿰.wav,0.41,0.85995483,0.21363664,12.09599819,0.0909292,2583.85006264,0.16366587
ㄲㅞ,꿰,ㄲ,ㅞ,soft,detailed_voicebank\04_all_399_soft_female\ㄲ\꿰.wav,0.41,0.86662938,0.25716676,10.55237139,0.09469027,2563.47289998,0.16285479
ㄲㅟ,뀌,ㄲ,ㅟ,clean,detailed_voicebank\03_all_399_clean_female\ㄲ\뀌.wav,0.41,0.85995483,0.31560575,8.70661457,0.08108407,2513.3956615,0.17265555
ㄲㅟ,뀌,ㄲ,ㅟ,soft,detailed_voicebank\04_all_399_soft_female\ㄲ\뀌.wav,0.41,0.86323249,0.3661259,7.44994656,0.08495575,2537.2350263,0.17876984
ㄲㅠ,뀨,ㄲ,ㅠ,clean,detailed_voicebank\03_all_399_clean_female\ㄲ\뀨.wav,0.41,0.85995483,0.25011581,10.72668987,0.09922566,2951.65936104,0.25908734
ㄲㅠ,뀨,ㄲ,ㅠ,soft,detailed_voicebank\04_all_399_soft_female\ㄲ\뀨.wav,0.41,0.86465675,0.29445799,9.35640777,0.1017146,2927.12828549,0.25394763
ㄲㅡ,끄,ㄲ,ㅡ,clean,detailed_voicebank\03_all_399_clean_female\ㄲ\끄.wav,0.41,0.85995483,0.26886495,10.09882901,0.12433628,2690.37437846,0.18858967
ㄲㅡ,끄,ㄲ,ㅡ,soft,detailed_voicebank\04_all_399_soft_female\ㄲ\끄.wav,0.41,0.86287724,0.31131248,8.85504976,0.12522124,2669.68400395,0.19472752
ㄲㅢ,끠,ㄲ,ㅢ,clean,detailed_voicebank\03_all_399_clean_female\ㄲ\끠.wav,0.41,0.85995483,0.27745492,9.82566418,0.09966814,2860.13496686,0.21261603
ㄲㅢ,끠,ㄲ,ㅢ,soft,detailed_voicebank\04_all_399_soft_female\ㄲ\끠.wav,0.41,0.86333094,0.32531546,8.47745192,0.10254425,2847.85592168,0.20749885
ㄲㅣ,끼,ㄲ,ㅣ,clean,detailed_voicebank\03_all_399_clean_female\ㄲ\끼.wav,0.41,0.85995483,0.24569044,10.88174764,0.13727876,3176.07770018,0.3061955
ㄲㅣ,끼,ㄲ,ㅣ,soft,detailed_voicebank\04_all_399_soft_female\ㄲ\끼.wav,0.41,0.85863896,0.28719779,9.51259009,0.13904867,3237.67604153,0.30840139
ㄴㅏ,나,ㄴ,ㅏ,clean,detailed_voicebank\03_all_399_clean_female\ㄴ\나.wav,0.40800454,0.85995483,0.28148323,9.70046235,0.1162739,2756.87703881,0.17464916
ㄴㅏ,나,ㄴ,ㅏ,soft,detailed_voicebank\04_all_399_soft_female\ㄴ\나.wav,0.40800454,0.8618093,0.3233832,8.51387446,0.11549578,2717.13609415,0.16446215
ㄴㅐ,내,ㄴ,ㅐ,clean,detailed_voicebank\03_all_399_clean_female\ㄴ\내.wav,0.40800454,0.85995483,0.30502089,9.00292117,0.10282348,2939.72564833,0.21767449
ㄴㅐ,내,ㄴ,ㅐ,soft,detailed_voicebank\04_all_399_soft_female\ㄴ\내.wav,0.40800454,0.86329481,0.35135898,7.80816157,0.10193419,2985.47386928,0.2210598
ㄴㅑ,냐,ㄴ,ㅑ,clean,detailed_voicebank\03_all_399_clean_female\ㄴ\냐.wav,0.40800454,0.85995483,0.29303461,9.35113443,0.11338373,2911.73570866,0.2474277
ㄴㅑ,냐,ㄴ,ㅑ,soft,detailed_voicebank\04_all_399_soft_female\ㄴ\냐.wav,0.40800454,0.86109351,0.33822901,8.1167892,0.11138284,2973.44200876,0.25353204
ㄴㅒ,냬,ㄴ,ㅒ,clean,detailed_voicebank\03_all_399_clean_female\ㄴ\냬.wav,0.40800454,0.85995483,0.3432924,7.97622906,0.11749667,2990.41484227,0.25370208
ㄴㅒ,냬,ㄴ,ㅒ,soft,detailed_voicebank\04_all_399_soft_female\ㄴ\냬.wav,0.40800454,0.8627715,0.39135603,6.86647519,0.1168297,3100.24481375,0.2641099
ㄴㅓ,너,ㄴ,ㅓ,clean,detailed_voicebank\03_all_399_clean_female\ㄴ\너.wav,0.40800454,0.85995483,0.2888309,9.47663991,0.08259226,2708.6539952,0.15891151
ㄴㅓ,너,ㄴ,ㅓ,soft,detailed_voicebank\04_all_399_soft_female\ㄴ\너.wav,0.40800454,0.86433603,0.33011789,8.36027112,0.08253668,2680.40101816,0.15921964
ㄴㅔ,네,ㄴ,ㅔ,clean,detailed_voicebank\03_all_399_clean_female\ㄴ\네.wav,0.40800454,0.85995483,0.2972851,9.22604988,0.13450422,3158.97199114,0.27056158
ㄴㅔ,네,ㄴ,ㅔ,soft,detailed_voicebank\04_all_399_soft_female\ㄴ\네.wav,0.40800454,0.86251917,0.34176915,8.04071799,0.13417074,3220.56143239,0.27672527
ㄴㅕ,녀,ㄴ,ㅕ,clean,detailed_voicebank\03_all_399_clean_female\ㄴ\녀.wav,0.40800454,0.85995483,0.29868373,9.1852814,0.11405069,2901.91031474,0.2504926
ㄴㅕ,녀,ㄴ,ㅕ,soft,detailed_voicebank\04_all_399_soft_female\ㄴ\녀.wav,0.40800454,0.86205408,0.34188256,8.03315127,0.11355047,2936.34202975,0.25203835
ㄴㅖ,녜,ㄴ,ㅖ,clean,detailed_voicebank\03_all_399_clean_female\ㄴ\녜.wav,0.40800454,0.85995483,0.31916202,8.60928877,0.11282792,3161.25863136,0.27845729
ㄴㅖ,녜,ㄴ,ㅖ,soft,detailed_voicebank\04_all_399_soft_female\ㄴ\녜.wav,0.40800454,0.86363916,0.36707177,7.43162677,0.10960427,3252.57583999,0.28704779
ㄴㅗ,노,ㄴ,ㅗ,clean,detailed_voicebank\03_all_399_clean_female\ㄴ\노.wav,0.40800454,0.85995483,0.34145053,8.02295698,0.08448199,2353.63623617,0.13249791
ㄴㅗ,노,ㄴ,ㅗ,soft,detailed_voicebank\04_all_399_soft_female\ㄴ\노.wav,0.40800454,0.86463084,0.38395269,7.0510601,0.08437083,2327.34731173,0.13491386
ㄴㅘ,놔,ㄴ,ㅘ,clean,detailed_voicebank\03_all_399_clean_female\ㄴ\놔.wav,0.40800454,0.85995483,0.30933903,8.88081834,0.07492219,2373.85355766,0.13593003
ㄴㅘ,놔,ㄴ,ㅘ,soft,detailed_voicebank\04_all_399_soft_female\ㄴ\놔.wav,0.40800454,0.86275766,0.35784264,7.64393467,0.07408848,2390.53064279,0.14163552
ㄴㅙ,놰,ㄴ,ㅙ,clean,detailed_voicebank\03_all_399_clean_female\ㄴ\놰.wav,0.40800454,0.85995483,0.28299452,9.65395242,0.09837706,2415.87446754,0.15063647
ㄴㅙ,놰,ㄴ,ㅙ,soft,detailed_voicebank\04_all_399_soft_female\ㄴ\놰.wav,0.40800454,0.8624378,0.32870071,8.37854271,0.09793241,2416.44721324,0.15120991
ㄴㅚ,뇌,ㄴ,ㅚ,clean,detailed_voicebank\03_all_399_clean_female\ㄴ\뇌.wav,0.40800454,0.85995483,0.27686031,9.84429874,0.11193864,2510.85487613,0.18014673
ㄴㅚ,뇌,ㄴ,ㅚ,soft,detailed_voicebank\04_all_399_soft_female\ㄴ\뇌.wav,0.40800454,0.86300134,0.31957247,8.62884213,0.11082703,2544.27921622,0.18136987
ㄴㅛ,뇨,ㄴ,ㅛ,clean,detailed_voicebank\03_all_399_clean_female\ㄴ\뇨.wav,0.40800454,0.85995483,0.27234934,9.98698634,0.09493108,3050.09257367,0.26993646
ㄴㅛ,뇨,ㄴ,ㅛ,soft,detailed_voicebank\04_all_399_soft_female\ㄴ\뇨.wav,0.40800454,0.8646646,0.31480452,8.77613453,0.09354157,3100.24704417,0.27256531
ㄴㅜ,누,ㄴ,ㅜ,clean,detailed_voicebank\03_all_399_clean_female\ㄴ\누.wav,0.40800454,0.85995483,0.3210334,8.55850858,0.06269453,2297.95373045,0.11293133
ㄴㅜ,누,ㄴ,ㅜ,soft,detailed_voicebank\04_all_399_soft_female\ㄴ\누.wav,0.40800454,0.8666401,0.36344208,7.54807138,0.06219431,2296.06574536,0.12298099
ㄴㅝ,눠,ㄴ,ㅝ,clean,detailed_voicebank\03_all_399_clean_female\ㄴ\눠.wav,0.40800454,0.85995483,0.30125036,9.11096122,0.08381503,2324.4296721,0.11838093
ㄴㅝ,눠,ㄴ,ㅝ,soft,detailed_voicebank\04_all_399_soft_female\ㄴ\눠.wav,0.40800454,0.86440195,0.34337828,8.01885823,0.08331481,2303.05805354,0.12052106
ㄴㅞ,눼,ㄴ,ㅞ,clean,detailed_voicebank\03_all_399_clean_female\ㄴ\눼.wav,0.40800454,0.85995483,0.3090286,8.88953942,0.08748333,2511.97953168,0.15801531
ㄴㅞ,눼,ㄴ,ㅞ,soft,detailed_voicebank\04_all_399_soft_female\ㄴ\눼.wav,0.40800454,0.86202032,0.3559466,7.68265309,0.0869831,2543.1850214,0.16334636
ㄴㅟ,뉘,ㄴ,ㅟ,clean,detailed_voicebank\03_all_399_clean_female\ㄴ\뉘.wav,0.40800454,0.85995483,0.340677,8.04265643,0.08314807,2512.56675046,0.17926377
ㄴㅟ,뉘,ㄴ,ㅟ,soft,detailed_voicebank\04_all_399_soft_female\ㄴ\뉘.wav,0.40800454,0.86378941,0.38967862,6.91402597,0.0819253,2532.80747763,0.18463663
ㄴㅠ,뉴,ㄴ,ㅠ,clean,detailed_voicebank\03_all_399_clean_female\ㄴ\뉴.wav,0.40800454,0.85995483,0.31655311,8.68058121,0.10093375,2849.69660541,0.24415646
ㄴㅠ,뉴,ㄴ,ㅠ,soft,detailed_voicebank\04_all_399_soft_female\ㄴ\뉴.wav,0.40800454,0.85927264,0.36613251,7.40985384,0.09976656,2851.1719902,0.24153669
ㄴㅡ,느,ㄴ,ㅡ,clean,detailed_voicebank\03_all_399_clean_female\ㄴ\느.wav,0.40800454,0.85995483,0.31307809,8.77645927,0.0951534,2674.26432345,0.19170885
ㄴㅡ,느,ㄴ,ㅡ,soft,detailed_voicebank\04_all_399_soft_female\ㄴ\느.wav,0.40800454,0.86412186,0.35568289,7.71024033,0.09248555,2667.9295137,0.19541333
ㄴㅢ,늬,ㄴ,ㅢ,clean,detailed_voicebank\03_all_399_clean_female\ㄴ\늬.wav,0.40800454,0.85995483,0.31171282,8.81441943,0.10593597,2893.04633942,0.22766281
ㄴㅢ,늬,ㄴ,ㅢ,soft,detailed_voicebank\04_all_399_soft_female\ㄴ\늬.wav,0.40800454,0.86346019,0.35858138,7.63309175,0.10471321,2896.9689217,0.22914253
ㄴㅣ,니,ㄴ,ㅣ,clean,detailed_voicebank\03_all_399_clean_female\ㄴ\니.wav,0.40800454,0.85995483,0.30735762,8.93663312,0.11171632,3227.01400538,0.31237706
ㄴㅣ,니,ㄴ,ㅣ,soft,detailed_voicebank\04_all_399_soft_female\ㄴ\니.wav,0.40800454,0.86558613,0.35248128,7.80348479,0.11010449,3307.60789832,0.31461717
ㄷㅏ,다,ㄷ,ㅏ,clean,detailed_voicebank\03_all_399_clean_female\ㄷ\다.wav,0.41798186,0.85995483,0.31900379,8.61359598,0.08203125,2819.59460147,0.190352
ㄷㅏ,다,ㄷ,ㅏ,soft,detailed_voicebank\04_all_399_soft_female\ㄷ\다.wav,0.41798186,0.86308929,0.36717257,7.42371005,0.08859592,2807.10331787,0.18713608
ㄷㅐ,대,ㄷ,ㅐ,clean,detailed_voicebank\03_all_399_clean_female\ㄷ\대.wav,0.41798186,0.85995483,0.30112135,9.11468199,0.11664497,3013.88216898,0.22111823
ㄷㅐ,대,ㄷ,ㅐ,soft,detailed_voicebank\04_all_399_soft_female\ㄷ\대.wav,0.41798186,0.86625322,0.34301365,8.04666925,0.12190755,3069.08005234,0.22582991
ㄷㅑ,댜,ㄷ,ㅑ,clean,detailed_voicebank\03_all_399_clean_female\ㄷ\댜.wav,0.41798186,0.85995483,0.25658134,10.50501147,0.1078559,3036.09861541,0.24817794
ㄷㅑ,댜,ㄷ,ㅑ,soft,detailed_voicebank\04_all_399_soft_female\ㄷ\댜.wav,0.41798186,0.8568675,0.30250366,9.04366079,0.11458333,3059.01257753,0.24618128
ㄷㅒ,댸,ㄷ,ㅒ,clean,detailed_voicebank\03_all_399_clean_female\ㄷ\댸.wav,0.41798186,0.85995483,0.24052451,11.06632623,0.11914062,3152.61288663,0.26661713
ㄷㅒ,댸,ㄷ,ㅒ,soft,detailed_voicebank\04_all_399_soft_female\ㄷ\댸.wav,0.41798186,0.86368611,0.28465599,9.64071228,0.12451172,3160.8215449,0.26715822
ㄷㅓ,더,ㄷ,ㅓ,clean,detailed_voicebank\03_all_399_clean_female\ㄷ\더.wav,0.41798186,0.85995483,0.25370757,10.60284431,0.09722222,2669.66410036,0.1441155
ㄷㅓ,더,ㄷ,ㅓ,soft,detailed_voicebank\04_all_399_soft_female\ㄷ\더.wav,0.41798186,0.8615211,0.29417663,9.33315494,0.10427517,2609.2440143,0.12901538
ㄷㅔ,데,ㄷ,ㅔ,clean,detailed_voicebank\03_all_399_clean_female\ㄷ\데.wav,0.41798186,0.85995483,0.27123911,10.02246657,0.13758681,3116.94255784,0.27858039
ㄷㅔ,데,ㄷ,ㅔ,soft,detailed_voicebank\04_all_399_soft_female\ㄷ\데.wav,0.41798186,0.86055125,0.31771125,8.65488298,0.14398872,3103.96986302,0.27151259
ㄷㅕ,뎌,ㄷ,ㅕ,clean,detailed_voicebank\03_all_399_clean_female\ㄷ\뎌.wav,0.41798186,0.85995483,0.26274102,10.29895521,0.12011719,3061.3709245,0.26739327
ㄷㅕ,뎌,ㄷ,ㅕ,soft,detailed_voicebank\04_all_399_soft_female\ㄷ\뎌.wav,0.41798186,0.85916391,0.30501256,8.99516596,0.12565104,3132.45868888,0.27574982
ㄷㅖ,뎨,ㄷ,ㅖ,clean,detailed_voicebank\03_all_399_clean_female\ㄷ\뎨.wav,0.41798186,0.85995483,0.23161027,11.39435677,0.12695312,3274.57263817,0.29292591
ㄷㅖ,뎨,ㄷ,ㅖ,soft,detailed_voicebank\04_all_399_soft_female\ㄷ\뎨.wav,0.41798186,0.86149392,0.27197031,10.01461445,0.13330078,3274.0863503,0.28812209
ㄷㅗ,도,ㄷ,ㅗ,clean,detailed_voicebank\03_all_399_clean_female\ㄷ\도.wav,0.41798186,0.85995483,0.27645475,9.85703182,0.10340712,2369.55400767,0.13437078
ㄷㅗ,도,ㄷ,ㅗ,soft,detailed_voicebank\04_all_399_soft_female\ㄷ\도.wav,0.41798186,0.86284493,0.32306706,8.53280129,0.10736762,2326.64800497,0.1304317
ㄷㅘ,돠,ㄷ,ㅘ,clean,detailed_voicebank\03_all_399_clean_female\ㄷ\돠.wav,0.41798186,0.85995483,0.24256133,10.99308158,0.09743924,2391.14710938,0.13071952
ㄷㅘ,돠,ㄷ,ㅘ,soft,detailed_voicebank\04_all_399_soft_female\ㄷ\돠.wav,0.41798186,0.86572833,0.28693543,9.59194921,0.1022678,2373.12448698,0.12861437
ㄷㅙ,돼,ㄷ,ㅙ,clean,detailed_voicebank\03_all_399_clean_female\ㄷ\돼.wav,0.41798186,0.85995483,0.22782534,11.53747216,0.09375,2469.1856739,0.15831645
ㄷㅙ,돼,ㄷ,ㅙ,soft,detailed_voicebank\04_all_399_soft_female\ㄷ\돼.wav,0.41798186,0.86245697,0.26684363,10.18961188,0.09950087,2444.65013626,0.15812675
ㄷㅚ,되,ㄷ,ㅚ,clean,detailed_voicebank\03_all_399_clean_female\ㄷ\되.wav,0.41798186,0.85995483,0.28351699,9.63793091,0.10883247,2510.97465585,0.18462372
ㄷㅚ,되,ㄷ,ㅚ,soft,detailed_voicebank\04_all_399_soft_female\ㄷ\되.wav,0.41798186,0.86230097,0.33219705,8.28526213,0.11490885,2530.65816612,0.18727075
ㄷㅛ,됴,ㄷ,ㅛ,clean,detailed_voicebank\03_all_399_clean_female\ㄷ\됴.wav,0.41798186,0.85995483,0.27474906,9.91078849,0.10134549,2944.23011022,0.2614686
ㄷㅛ,됴,ㄷ,ㅛ,soft,detailed_voicebank\04_all_399_soft_female\ㄷ\됴.wav,0.41798186,0.85995116,0.31606436,8.69396525,0.10682509,2979.77040469,0.26045293
ㄷㅜ,두,ㄷ,ㅜ,clean,detailed_voicebank\03_all_399_clean_female\ㄷ\두.wav,0.41798186,0.85995483,0.33610683,8.15996596,0.08170573,2218.88676016,0.11571654
ㄷㅜ,두,ㄷ,ㅜ,soft,detailed_voicebank\04_all_399_soft_female\ㄷ\두.wav,0.41798186,0.86319628,0.3807998,7.10825699,0.08832465,2182.86251199,0.11381407
ㄷㅝ,둬,ㄷ,ㅝ,clean,detailed_voicebank\03_all_399_clean_female\ㄷ\둬.wav,0.41798186,0.85995483,0.31066305,8.84372094,0.09092882,2312.13404426,0.11365396
ㄷㅝ,둬,ㄷ,ㅝ,soft,detailed_voicebank\04_all_399_soft_female\ㄷ\둬.wav,0.41798186,0.86439363,0.35371412,7.76118331,0.09733073,2352.93688504,0.12814948
ㄷㅞ,뒈,ㄷ,ㅞ,clean,detailed_voicebank\03_all_399_clean_female\ㄷ\뒈.wav,0.41798186,0.85995483,0.24812323,10.79616424,0.0984158,2371.04155418,0.14755831
ㄷㅞ,뒈,ㄷ,ㅞ,soft,detailed_voicebank\04_all_399_soft_female\ㄷ\뒈.wav,0.41798186,0.86242364,0.29223097,9.39988823,0.10443793,2359.30471684,0.1498457
ㄷㅟ,뒤,ㄷ,ㅟ,clean,detailed_voicebank\03_all_399_clean_female\ㄷ\뒤.wav,0.41798186,0.85995483,0.31120149,8.8286796,0.08105469,2567.34517311,0.17258216
ㄷㅟ,뒤,ㄷ,ㅟ,soft,detailed_voicebank\04_all_399_soft_female\ㄷ\뒤.wav,0.41798186,0.86330239,0.36042959,7.58685001,0.08658854,2569.70230338,0.17408648
ㄷㅠ,듀,ㄷ,ㅠ,clean,detailed_voicebank\03_all_399_clean_female\ㄷ\듀.wav,0.41798186,0.85995483,0.21224941,12.1525831,0.10655382,3083.29028464,0.28269768
ㄷㅠ,듀,ㄷ,ㅠ,soft,detailed_voicebank\04_all_399_soft_female\ㄷ\듀.wav,0.41798186,0.86012313,0.25216197,10.65762064,0.11176215,3081.23764894,0.27796507
ㄷㅡ,드,ㄷ,ㅡ,clean,detailed_voicebank\03_all_399_clean_female\ㄷ\드.wav,0.41798186,0.85995483,0.26681227,10.16539692,0.08463542,2666.66977888,0.18245016
ㄷㅡ,드,ㄷ,ㅡ,soft,detailed_voicebank\04_all_399_soft_female\ㄷ\드.wav,0.41798186,0.86020149,0.31015926,8.86030862,0.09174262,2653.16069246,0.18096128
ㄷㅢ,듸,ㄷ,ㅢ,clean,detailed_voicebank\03_all_399_clean_female\ㄷ\듸.wav,0.41798186,0.85995483,0.31647661,8.68268057,0.09277344,2830.16923356,0.21370394
ㄷㅢ,듸,ㄷ,ㅢ,soft,detailed_voicebank\04_all_399_soft_female\ㄷ\듸.wav,0.41798186,0.86290369,0.36095116,7.57027769,0.09933811,2902.58991341,0.22409012
ㄷㅣ,디,ㄷ,ㅣ,clean,detailed_voicebank\03_all_399_clean_female\ㄷ\디.wav,0.41798186,0.85995483,0.30464475,9.01363874,0.10188802,3146.17881703,0.29586114
ㄷㅣ,디,ㄷ,ㅣ,soft,detailed_voicebank\04_all_399_soft_female\ㄷ\디.wav,0.41798186,0.8627341,0.35601374,7.68820418,0.10850694,3171.15761246,0.29560399
ㄸㅏ,따,ㄸ,ㅏ,clean,detailed_voicebank\03_all_399_clean_female\ㄸ\따.wav,0.41,0.85995483,0.25960232,10.40334149,0.08882743,2770.0469025,0.18129084
ㄸㅏ,따,ㄸ,ㅏ,soft,detailed_voicebank\04_all_399_soft_female\ㄸ\따.wav,0.41,0.86116314,0.30778826,8.93666752,0.09214602,2764.62225086,0.18054397
ㄸㅐ,때,ㄸ,ㅐ,clean,detailed_voicebank\03_all_399_clean_female\ㄸ\때.wav,0.41,0.85995483,0.23182019,11.38648782,0.12964602,2998.59790033,0.23850413
ㄸㅐ,때,ㄸ,ㅐ,soft,detailed_voicebank\04_all_399_soft_female\ㄸ\때.wav,0.41,0.86227873,0.27577173,9.90195861,0.13108407,2998.69043715,0.23973333
ㄸㅑ,땨,ㄸ,ㅑ,clean,detailed_voicebank\03_all_399_clean_female\ㄸ\땨.wav,0.41,0.85995483,0.25607259,10.52225094,0.11150442,2989.51370338,0.25790902
ㄸㅑ,땨,ㄸ,ㅑ,soft,detailed_voicebank\04_all_399_soft_female\ㄸ\땨.wav,0.41,0.85660899,0.30055894,9.09705942,0.11504425,3038.32003009,0.26041206
ㄸㅒ,떄,ㄸ,ㅒ,clean,detailed_voicebank\03_all_399_clean_female\ㄸ\떄.wav,0.41,0.85995483,0.23385747,11.31048796,0.11482301,3085.61124424,0.27570316
ㄸㅒ,떄,ㄸ,ㅒ,soft,detailed_voicebank\04_all_399_soft_female\ㄸ\떄.wav,0.41,0.86084097,0.27575625,9.88795124,0.11736726,3075.49344847,0.2694246
ㄸㅓ,떠,ㄸ,ㅓ,clean,detailed_voicebank\03_all_399_clean_female\ㄸ\떠.wav,0.41,0.85995483,0.2602609,10.38133436,0.09955752,2545.50062375,0.14542628
ㄸㅓ,떠,ㄸ,ㅓ,soft,detailed_voicebank\04_all_399_soft_female\ㄸ\떠.wav,0.41,0.86450452,0.30065291,9.1740371,0.10265487,2511.26880837,0.1416984
ㄸㅔ,떼,ㄸ,ㅔ,clean,detailed_voicebank\03_all_399_clean_female\ㄸ\떼.wav,0.41,0.85995483,0.20981155,12.25292515,0.12190265,3066.79571416,0.25988455
ㄸㅔ,떼,ㄸ,ㅔ,soft,detailed_voicebank\04_all_399_soft_female\ㄸ\떼.wav,0.41,0.86148905,0.25237145,10.66419069,0.12533186,3009.24873871,0.2503269
ㄸㅕ,뗘,ㄸ,ㅕ,clean,detailed_voicebank\03_all_399_clean_female\ㄸ\뗘.wav,0.41,0.85995483,0.26471556,10.23392352,0.09612832,2971.87644769,0.24715048
ㄸㅕ,뗘,ㄸ,ㅕ,soft,detailed_voicebank\04_all_399_soft_female\ㄸ\뗘.wav,0.41,0.86177681,0.31186029,8.82869456,0.09933628,3001.16783422,0.24789995
ㄸㅖ,뗴,ㄸ,ㅖ,clean,detailed_voicebank\03_all_399_clean_female\ㄸ\뗴.wav,0.41,0.85995483,0.26809219,10.12382953,0.12201327,3189.46950414,0.29117607
ㄸㅖ,뗴,ㄸ,ㅖ,soft,detailed_voicebank\04_all_399_soft_female\ㄸ\뗴.wav,0.41,0.8580482,0.31444566,8.71932151,0.125,3283.7871713,0.29534376
ㄸㅗ,또,ㄸ,ㅗ,clean,detailed_voicebank\03_all_399_clean_female\ㄸ\또.wav,0.41,0.85995483,0.255659,10.5362912,0.10165929,2376.25990961,0.13972717
ㄸㅗ,또,ㄸ,ㅗ,soft,detailed_voicebank\04_all_399_soft_female\ㄸ\또.wav,0.41,0.8636959,0.29908237,9.21140084,0.10243363,2348.56399038,0.1414446
ㄸㅘ,똬,ㄸ,ㅘ,clean,detailed_voicebank\03_all_399_clean_female\ㄸ\똬.wav,0.41,0.85995483,0.235981,11.23197195,0.08086283,2290.21408329,0.13544302
ㄸㅘ,똬,ㄸ,ㅘ,soft,detailed_voicebank\04_all_399_soft_female\ㄸ\똬.wav,0.41,0.86559496,0.27703271,9.89567333,0.08384956,2228.65251475,0.12897393
ㄸㅙ,뙈,ㄸ,ㅙ,clean,detailed_voicebank\03_all_399_clean_female\ㄸ\뙈.wav,0.41,0.85995483,0.23882494,11.12791924,0.10088496,2431.75390426,0.14818799
ㄸㅙ,뙈,ㄸ,ㅙ,soft,detailed_voicebank\04_all_399_soft_female\ㄸ\뙈.wav,0.41,0.86345677,0.28366747,9.66862126,0.10403761,2414.56808617,0.1503627
ㄸㅚ,뙤,ㄸ,ㅚ,clean,detailed_voicebank\03_all_399_clean_female\ㄸ\뙤.wav,0.41,0.85995483,0.24354372,10.95797407,0.08893805,2580.52209879,0.17276145
ㄸㅚ,뙤,ㄸ,ㅚ,soft,detailed_voicebank\04_all_399_soft_female\ㄸ\뙤.wav,0.41,0.86203408,0.28413353,9.64003894,0.0914823,2543.35178268,0.17086732
ㄸㅛ,뚀,ㄸ,ㅛ,clean,detailed_voicebank\03_all_399_clean_female\ㄸ\뚀.wav,0.41,0.85995483,0.26865003,10.10577505,0.11238938,2951.88807395,0.24916352
ㄸㅛ,뚀,ㄸ,ㅛ,soft,detailed_voicebank\04_all_399_soft_female\ㄸ\뚀.wav,0.41,0.86010143,0.31175065,8.81484609,0.11504425,3020.10176403,0.25749972
ㄸㅜ,뚜,ㄸ,ㅜ,clean,detailed_voicebank\03_all_399_clean_female\ㄸ\뚜.wav,0.41,0.85995483,0.25104451,10.69449842,0.07433628,2367.15269663,0.12183616
ㄸㅜ,뚜,ㄸ,ㅜ,soft,detailed_voicebank\04_all_399_soft_female\ㄸ\뚜.wav,0.41,0.86189018,0.29887993,9.19910363,0.07693584,2300.28544986,0.11650806
ㄸㅝ,뚸,ㄸ,ㅝ,clean,detailed_voicebank\03_all_399_clean_female\ㄸ\뚸.wav,0.41,0.85995483,0.25284402,10.63245922,0.08307522,2370.94498446,0.12305481
ㄸㅝ,뚸,ㄸ,ㅝ,soft,detailed_voicebank\04_all_399_soft_female\ㄸ\뚸.wav,0.41,0.86399048,0.29605998,9.30258491,0.08655973,2354.35159568,0.125063
ㄸㅞ,뛔,ㄸ,ㅞ,clean,detailed_voicebank\03_all_399_clean_female\ㄸ\뛔.wav,0.41,0.85995483,0.22486422,11.65110567,0.10586283,2473.52522309,0.16525785
ㄸㅞ,뛔,ㄸ,ㅞ,soft,detailed_voicebank\04_all_399_soft_female\ㄸ\뛔.wav,0.41,0.86361264,0.26743984,10.18185764,0.10940265,2445.30896144,0.16459849
ㄸㅟ,뛰,ㄸ,ㅟ,clean,detailed_voicebank\03_all_399_clean_female\ㄸ\뛰.wav,0.41,0.85995483,0.29673453,9.24215117,0.10376106,2582.43056108,0.17832041
ㄸㅟ,뛰,ㄸ,ㅟ,soft,detailed_voicebank\04_all_399_soft_female\ㄸ\뛰.wav,0.41,0.86351577,0.34484847,7.97283934,0.10735619,2549.6399078,0.17508231
ㄸㅠ,뜌,ㄸ,ㅠ,clean,detailed_voicebank\03_all_399_clean_female\ㄸ\뜌.wav,0.41,0.85995483,0.31111759,8.83102163,0.09856195,2805.05825205,0.23703392
ㄸㅠ,뜌,ㄸ,ㅠ,soft,detailed_voicebank\04_all_399_soft_female\ㄸ\뜌.wav,0.41,0.86094841,0.35878433,7.60287307,0.10221239,2862.30047172,0.24371218
ㄸㅡ,뜨,ㄸ,ㅡ,clean,detailed_voicebank\03_all_399_clean_female\ㄸ\뜨.wav,0.41,0.85995483,0.30109702,9.11538362,0.10154867,2845.78368928,0.20060665
ㄸㅡ,뜨,ㄸ,ㅡ,soft,detailed_voicebank\04_all_399_soft_female\ㄸ\뜨.wav,0.41,0.86170666,0.34945443,7.83937806,0.10486726,2844.78964947,0.2012937
ㄸㅢ,띄,ㄸ,ㅢ,clean,detailed_voicebank\03_all_399_clean_female\ㄸ\띄.wav,0.41,0.85995483,0.2180076,11.92008018,0.1085177,2825.7670226,0.21554744
ㄸㅢ,띄,ㄸ,ㅢ,soft,detailed_voicebank\04_all_399_soft_female\ㄸ\띄.wav,0.41,0.86043422,0.25873657,10.43719706,0.11034292,2772.57756108,0.20900393
ㄸㅣ,띠,ㄸ,ㅣ,clean,detailed_voicebank\03_all_399_clean_female\ㄸ\띠.wav,0.41,0.85995483,0.27042239,10.04866004,0.11570796,3277.38349885,0.32719148
ㄸㅣ,띠,ㄸ,ㅣ,soft,detailed_voicebank\04_all_399_soft_female\ㄸ\띠.wav,0.41,0.86249284,0.3187546,8.64598086,0.1170354,3293.0010204,0.32350316
ㄹㅏ,라,ㄹ,ㅏ,clean,detailed_voicebank\03_all_399_clean_female\ㄹ\라.wav,0.38598639,0.85995483,0.26137353,10.34428066,0.0799013,2721.95318465,0.17961944
ㄹㅏ,라,ㄹ,ㅏ,soft,detailed_voicebank\04_all_399_soft_female\ㄹ\라.wav,0.38598639,0.84462043,0.30582744,8.82370266,0.07943129,2687.1822744,0.18020584
ㄹㅐ,래,ㄹ,ㅐ,clean,detailed_voicebank\03_all_399_clean_female\ㄹ\래.wav,0.38598639,0.85995483,0.30197952,9.08996305,0.1167969,3049.85074177,0.22490563
ㄹㅐ,래,ㄹ,ㅐ,soft,detailed_voicebank\04_all_399_soft_female\ㄹ\래.wav,0.38598639,0.86180515,0.33770754,8.13736651,0.1167969,3110.32550634,0.23960332
ㄹㅑ,랴,ㄹ,ㅑ,clean,detailed_voicebank\03_all_399_clean_female\ㄹ\랴.wav,0.38598639,0.85995483,0.29263499,9.36298793,0.10093414,2915.26966143,0.24709907
ㄹㅑ,랴,ㄹ,ㅑ,soft,detailed_voicebank\04_all_399_soft_female\ㄹ\랴.wav,0.38598639,0.86084265,0.33628844,8.16423664,0.10052288,2987.68393432,0.25383013
ㄹㅒ,럐,ㄹ,ㅒ,clean,detailed_voicebank\03_all_399_clean_female\ㄹ\럐.wav,0.38598639,0.85995483,0.25675057,10.49928446,0.11620939,3104.97420339,0.26119081
ㄹㅒ,럐,ㄹ,ㅒ,soft,detailed_voicebank\04_all_399_soft_female\ㄹ\럐.wav,0.38598639,0.86402858,0.29789227,9.24937744,0.11526937,3097.66272699,0.25987413
ㄹㅓ,러,ㄹ,ㅓ,clean,detailed_voicebank\03_all_399_clean_female\ㄹ\러.wav,0.38598639,0.85995483,0.2323798,11.36554541,0.09552905,2612.39459759,0.13984805
ㄹㅓ,러,ㄹ,ㅓ,soft,detailed_voicebank\04_all_399_soft_female\ㄹ\러.wav,0.38598639,0.84195708,0.27437267,9.7389821,0.09552905,2572.7649239,0.13607767
ㄹㅔ,레,ㄹ,ㅔ,clean,detailed_voicebank\03_all_399_clean_female\ㄹ\레.wav,0.38598639,0.85995483,0.30390072,9.03487837,0.12208448,3179.3995563,0.28723374
ㄹㅔ,레,ㄹ,ㅔ,soft,detailed_voicebank\04_all_399_soft_female\ㄹ\레.wav,0.38598639,0.86006704,0.3491467,7.83048727,0.12255449,3127.94387487,0.28000887
ㄹㅕ,려,ㄹ,ㅕ,clean,detailed_voicebank\03_all_399_clean_female\ㄹ\려.wav,0.38598639,0.85995483,0.24555483,10.88654312,0.10140415,2999.38100898,0.24687776
ㄹㅕ,려,ㄹ,ㅕ,soft,detailed_voicebank\04_all_399_soft_female\ㄹ\려.wav,0.38598639,0.82381483,0.28933421,9.08859647,0.10069914,3032.77385447,0.25039518
ㄹㅖ,례,ㄹ,ㅖ,clean,detailed_voicebank\03_all_399_clean_female\ㄹ\례.wav,0.38598639,0.85995483,0.26700532,10.15911454,0.10998179,3218.28014198,0.29250543
ㄹㅖ,례,ㄹ,ㅖ,soft,detailed_voicebank\04_all_399_soft_female\ㄹ\례.wav,0.38598639,0.85795927,0.31248778,8.77267262,0.10904177,3267.77194357,0.29412025
ㄹㅗ,로,ㄹ,ㅗ,clean,detailed_voicebank\03_all_399_clean_female\ㄹ\로.wav,0.38598639,0.85995483,0.31319611,8.77318566,0.05322836,2491.50975721,0.14947614
ㄹㅗ,로,ㄹ,ㅗ,soft,detailed_voicebank\04_all_399_soft_female\ㄹ\로.wav,0.38598639,0.82520703,0.35895044,7.23056869,0.05264086,2450.94553881,0.15123179
ㄹㅘ,롸,ㄹ,ㅘ,clean,detailed_voicebank\03_all_399_clean_female\ㄹ\롸.wav,0.38598639,0.85995483,0.24418007,10.93530873,0.08095882,2372.49937868,0.14053901
ㄹㅘ,롸,ㄹ,ㅘ,soft,detailed_voicebank\04_all_399_soft_female\ㄹ\롸.wav,0.38598639,0.86557271,0.28622723,9.61185221,0.08060631,2326.80397762,0.13560877
ㄹㅙ,뢔,ㄹ,ㅙ,clean,detailed_voicebank\03_all_399_clean_female\ㄹ\뢔.wav,0.38598639,0.85995483,0.27226389,9.9897118,0.1109218,2555.80094701,0.16961664
ㄹㅙ,뢔,ㄹ,ㅙ,soft,detailed_voicebank\04_all_399_soft_female\ㄹ\뢔.wav,0.38598639,0.86448784,0.31294546,8.82580465,0.1105693,2570.16869818,0.17394224
ㄹㅚ,뢰,ㄹ,ㅚ,clean,detailed_voicebank\03_all_399_clean_female\ㄹ\뢰.wav,0.38598639,0.85995483,0.25040922,10.71650668,0.10175665,2602.62983685,0.18996225
ㄹㅚ,뢰,ㄹ,ㅚ,soft,detailed_voicebank\04_all_399_soft_female\ㄹ\뢰.wav,0.38598639,0.86193631,0.29319453,9.36638627,0.10075789,2605.87086472,0.18913678
ㄹㅛ,료,ㄹ,ㅛ,clean,detailed_voicebank\03_all_399_clean_female\ㄹ\료.wav,0.38598639,0.85995483,0.28050392,9.73073421,0.08530639,2883.99867636,0.24973412
ㄹㅛ,료,ㄹ,ㅛ,soft,detailed_voicebank\04_all_399_soft_female\ㄹ\료.wav,0.38598639,0.84674957,0.32603893,8.28971045,0.08330885,2898.97219653,0.24823571
ㄹㅜ,루,ㄹ,ㅜ,clean,detailed_voicebank\03_all_399_clean_female\ㄹ\루.wav,0.38598639,0.85995483,0.31727217,8.66087321,0.06298102,2241.48851799,0.12193773
ㄹㅜ,루,ㄹ,ㅜ,soft,detailed_voicebank\04_all_399_soft_female\ㄹ\루.wav,0.38598639,0.84578581,0.36489338,7.30188822,0.06280477,2183.56868953,0.11549895
ㄹㅝ,뤄,ㄹ,ㅝ,clean,detailed_voicebank\03_all_399_clean_female\ㄹ\뤄.wav,0.38598639,0.85995483,0.2898494,9.44606485,0.08507138,2303.26520503,0.11500466
ㄹㅝ,뤄,ㄹ,ㅝ,soft,detailed_voicebank\04_all_399_soft_female\ㄹ\뤄.wav,0.38598639,0.84031141,0.33605383,7.96062826,0.08471888,2273.06187935,0.1142091
ㄹㅞ,뤠,ㄹ,ㅞ,clean,detailed_voicebank\03_all_399_clean_female\ㄹ\뤠.wav,0.38598639,0.85995483,0.29590077,9.2665908,0.08659891,2518.96766013,0.17033981
ㄹㅞ,뤠,ㄹ,ㅞ,soft,detailed_voicebank\04_all_399_soft_female\ㄹ\뤠.wav,0.38598639,0.86277124,0.34304408,8.01091472,0.0860114,2512.04949205,0.1701916
ㄹㅟ,뤼,ㄹ,ㅟ,clean,detailed_voicebank\03_all_399_clean_female\ㄹ\뤼.wav,0.38598639,0.85995483,0.27048291,10.04671622,0.0923565,2606.22977496,0.19177998
ㄹㅟ,뤼,ㄹ,ㅟ,soft,detailed_voicebank\04_all_399_soft_female\ㄹ\뤼.wav,0.38598639,0.86421429,0.31537236,8.75595633,0.09100523,2607.83618355,0.19212808
ㄹㅠ,류,ㄹ,ㅠ,clean,detailed_voicebank\03_all_399_clean_female\ㄹ\류.wav,0.38598639,0.85995483,0.27687585,9.84381133,0.11303684,2907.21086458,0.26088337
ㄹㅠ,류,ㄹ,ㅠ,soft,detailed_voicebank\04_all_399_soft_female\ㄹ\류.wav,0.38598639,0.86399071,0.31787593,8.68502873,0.11150931,2925.73243604,0.26250575
ㄹㅡ,르,ㄹ,ㅡ,clean,detailed_voicebank\03_all_399_clean_female\ㄹ\르.wav,0.38598639,0.85995483,0.28545659,9.57871126,0.09987662,2758.15167599,0.19070358
ㄹㅡ,르,ㄹ,ㅡ,soft,detailed_voicebank\04_all_399_soft_female\ㄹ\르.wav,0.38598639,0.86275065,0.33124762,8.3146507,0.09975912,2704.30069382,0.18856776
ㄹㅢ,릐,ㄹ,ㅢ,clean,detailed_voicebank\03_all_399_clean_female\ㄹ\릐.wav,0.38598639,0.85995483,0.27391092,9.93732596,0.09646907,2868.69942947,0.22030058
ㄹㅢ,릐,ㄹ,ㅢ,soft,detailed_voicebank\04_all_399_soft_female\ㄹ\릐.wav,0.38598639,0.86150978,0.31490003,8.74175018,0.09582281,2876.72836829,0.219544
ㄹㅣ,리,ㄹ,ㅣ,clean,detailed_voicebank\03_all_399_clean_female\ㄹ\리.wav,0.38598639,0.85995483,0.30871422,8.89838015,0.12513953,3351.52471201,0.32960934
ㄹㅣ,리,ㄹ,ㅣ,soft,detailed_voicebank\04_all_399_soft_female\ㄹ\리.wav,0.38598639,0.85283814,0.35223165,7.6807647,0.12231949,3407.81682203,0.33199496
ㅁㅏ,마,ㅁ,ㅏ,clean,detailed_voicebank\03_all_399_clean_female\ㅁ\마.wav,0.40800454,0.85995483,0.30798284,8.91898249,0.08025789,2800.32220783,0.18714081
ㅁㅏ,마,ㅁ,ㅏ,soft,detailed_voicebank\04_all_399_soft_female\ㅁ\마.wav,0.40800454,0.82790373,0.35670597,7.31338925,0.08003557,2745.0467613,0.17609616
ㅁㅐ,매,ㅁ,ㅐ,clean,detailed_voicebank\03_all_399_clean_female\ㅁ\매.wav,0.40800454,0.85995483,0.32159295,8.54338241,0.12027568,3072.77671261,0.2277792
ㅁㅐ,매,ㅁ,ㅐ,soft,detailed_voicebank\04_all_399_soft_female\ㅁ\매.wav,0.40800454,0.86276307,0.36297714,7.52024547,0.11805247,3040.58371668,0.22167778
ㅁㅑ,먀,ㅁ,ㅑ,clean,detailed_voicebank\03_all_399_clean_female\ㅁ\먀.wav,0.40800454,0.85995483,0.26563372,10.20384869,0.12238773,2996.78015701,0.25096305
ㅁㅑ,먀,ㅁ,ㅑ,soft,detailed_voicebank\04_all_399_soft_female\ㅁ\먀.wav,0.40800454,0.85852183,0.30743585,8.9199368,0.12127612,3020.23677856,0.24728305
ㅁㅒ,먜,ㅁ,ㅒ,clean,detailed_voicebank\03_all_399_clean_female\ㅁ\먜.wav,0.40800454,0.85995483,0.2909161,9.41415773,0.11038239,3145.43730305,0.27081593
ㅁㅒ,먜,ㅁ,ㅒ,soft,detailed_voicebank\04_all_399_soft_female\ㅁ\먜.wav,0.40800454,0.8615068,0.33471584,8.2116488,0.10965985,3206.83996702,0.27265963
ㅁㅓ,머,ㅁ,ㅓ,clean,detailed_voicebank\03_all_399_clean_female\ㅁ\머.wav,0.40800454,0.85995483,0.38324228,7.02004463,0.09604269,2678.33551813,0.14572623
ㅁㅓ,머,ㅁ,ㅓ,soft,detailed_voicebank\04_all_399_soft_female\ㅁ\머.wav,0.40800454,0.86083782,0.42811847,6.06714744,0.09598711,2647.3980817,0.14092146
ㅁㅔ,메,ㅁ,ㅔ,clean,detailed_voicebank\03_all_399_clean_female\ㅁ\메.wav,0.40800454,0.85995483,0.34310672,7.98092848,0.11560694,3220.1662671,0.27065337
ㅁㅔ,메,ㅁ,ㅔ,soft,detailed_voicebank\04_all_399_soft_female\ㅁ\메.wav,0.40800454,0.86169524,0.39262689,6.82747318,0.11438417,3256.50122857,0.26754168
ㅁㅕ,며,ㅁ,ㅕ,clean,detailed_voicebank\03_all_399_clean_female\ㅁ\며.wav,0.40800454,0.85995483,0.24869109,10.77630841,0.11060471,2909.73443732,0.24690179
ㅁㅕ,며,ㅁ,ㅕ,soft,detailed_voicebank\04_all_399_soft_female\ㅁ\며.wav,0.40800454,0.85093078,0.28976164,9.35706687,0.10982659,2912.97789829,0.24356806
ㅁㅖ,몌,ㅁ,ㅖ,clean,detailed_voicebank\03_all_399_clean_female\ㅁ\몌.wav,0.40800454,0.85995483,0.3022723,9.08154572,0.13294798,3329.69428562,0.31091803
ㅁㅖ,몌,ㅁ,ㅖ,soft,detailed_voicebank\04_all_399_soft_female\ㅁ\몌.wav,0.40800454,0.86511083,0.34714807,7.93113974,0.1303357,3422.70484489,0.3195147
ㅁㅗ,모,ㅁ,ㅗ,clean,detailed_voicebank\03_all_399_clean_female\ㅁ\모.wav,0.40800454,0.85995483,0.30277394,9.06714303,0.06402846,2379.8749073,0.1393058
ㅁㅗ,모,ㅁ,ㅗ,soft,detailed_voicebank\04_all_399_soft_female\ㅁ\모.wav,0.40800454,0.86350828,0.34606894,7.94207759,0.06397288,2347.02742336,0.13998752
ㅁㅘ,뫄,ㅁ,ㅘ,clean,detailed_voicebank\03_all_399_clean_female\ㅁ\뫄.wav,0.40800454,0.85995483,0.30472469,9.01136002,0.09015118,2293.9968278,0.13105679
ㅁㅘ,뫄,ㅁ,ㅘ,soft,detailed_voicebank\04_all_399_soft_female\ㅁ\뫄.wav,0.40800454,0.86318737,0.35069081,7.82361375,0.08848377,2325.79306559,0.14150226
ㅁㅙ,뫠,ㅁ,ㅙ,clean,detailed_voicebank\03_all_399_clean_female\ㅁ\뫠.wav,0.40800454,0.85995483,0.25872499,10.43274514,0.09004002,2456.13106304,0.15420127
ㅁㅙ,뫠,ㅁ,ㅙ,soft,detailed_voicebank\04_all_399_soft_female\ㅁ\뫠.wav,0.40800454,0.86198246,0.30481245,9.02931443,0.08931747,2438.20075705,0.15220657
ㅁㅚ,뫼,ㅁ,ㅚ,clean,detailed_voicebank\03_all_399_clean_female\ㅁ\뫼.wav,0.40800454,0.85995483,0.31769118,8.64940959,0.0898177,2476.80722427,0.16976982
ㅁㅚ,뫼,ㅁ,ㅚ,soft,detailed_voicebank\04_all_399_soft_female\ㅁ\뫼.wav,0.40800454,0.86577838,0.36533019,7.49442343,0.08865051,2500.51524483,0.17526389
ㅁㅛ,묘,ㅁ,ㅛ,clean,detailed_voicebank\03_all_399_clean_female\ㅁ\묘.wav,0.40800454,0.85995483,0.30666944,8.95610284,0.11138284,2914.94372529,0.24475365
ㅁㅛ,묘,ㅁ,ㅛ,soft,detailed_voicebank\04_all_399_soft_female\ㅁ\묘.wav,0.40800454,0.85885358,0.35306657,7.72125079,0.11049355,2956.77180326,0.245578
ㅁㅜ,무,ㅁ,ㅜ,clean,detailed_voicebank\03_all_399_clean_female\ㅁ\무.wav,0.40800454,0.85995483,0.32368177,8.48714794,0.07192085,2193.33089052,0.11569492
ㅁㅜ,무,ㅁ,ㅜ,soft,detailed_voicebank\04_all_399_soft_female\ㅁ\무.wav,0.40800454,0.85838685,0.36595042,7.40521607,0.07080925,2106.32039629,0.10244204
ㅁㅝ,뭐,ㅁ,ㅝ,clean,detailed_voicebank\03_all_399_clean_female\ㅁ\뭐.wav,0.40800454,0.85995483,0.27252895,9.98125987,0.08903957,2299.0380165,0.11507808
ㅁㅝ,뭐,ㅁ,ㅝ,soft,detailed_voicebank\04_all_399_soft_female\ㅁ\뭐.wav,0.40800454,0.86545339,0.31840472,8.68528356,0.08831703,2290.34289383,0.11839908
ㅁㅞ,뭬,ㅁ,ㅞ,clean,detailed_voicebank\03_all_399_clean_female\ㅁ\뭬.wav,0.40800454,0.85995483,0.26269441,10.30049623,0.0982659,2380.27749801,0.15447441
ㅁㅞ,뭬,ㅁ,ㅞ,soft,detailed_voicebank\04_all_399_soft_female\ㅁ\뭬.wav,0.40800454,0.862871,0.30674132,8.9834718,0.09748777,2345.11538862,0.15475164
ㅁㅟ,뮈,ㅁ,ㅟ,clean,detailed_voicebank\03_all_399_clean_female\ㅁ\뮈.wav,0.40800454,0.85995483,0.32466016,8.46093299,0.08414851,2493.4313343,0.16964106
ㅁㅟ,뮈,ㅁ,ㅟ,soft,detailed_voicebank\04_all_399_soft_female\ㅁ\뮈.wav,0.40800454,0.86397661,0.36983665,7.36984067,0.0819253,2504.51881045,0.17287644
ㅁㅠ,뮤,ㅁ,ㅠ,clean,detailed_voicebank\03_all_399_clean_female\ㅁ\뮤.wav,0.40800454,0.85995483,0.29090061,9.4146201,0.08370387,2875.98681761,0.24670744
ㅁㅠ,뮤,ㅁ,ㅠ,soft,detailed_voicebank\04_all_399_soft_female\ㅁ\뮤.wav,0.40800454,0.85841942,0.33637026,8.13763876,0.08309249,2890.97099918,0.24360191
ㅁㅡ,므,ㅁ,ㅡ,clean,detailed_voicebank\03_all_399_clean_female\ㅁ\므.wav,0.40800454,0.85995483,0.3836669,7.01042613,0.09670965,2704.99159431,0.18399463
ㅁㅡ,므,ㅁ,ㅡ,soft,detailed_voicebank\04_all_399_soft_female\ㅁ\므.wav,0.40800454,0.86229121,0.4334684,5.97393029,0.09665407,2696.76600136,0.18303032
ㅁㅢ,믜,ㅁ,ㅢ,clean,detailed_voicebank\03_all_399_clean_female\ㅁ\믜.wav,0.40800454,0.85995483,0.30188927,9.09255929,0.10771454,2853.25763141,0.21794914
ㅁㅢ,믜,ㅁ,ㅢ,soft,detailed_voicebank\04_all_399_soft_female\ㅁ\믜.wav,0.40800454,0.86491902,0.34911266,7.88019697,0.10593597,2886.99524042,0.22526275
ㅁㅣ,미,ㅁ,ㅣ,clean,detailed_voicebank\03_all_399_clean_female\ㅁ\미.wav,0.40800454,0.85995483,0.33434762,8.20554799,0.08870609,3105.34649919,0.31485389
ㅁㅣ,미,ㅁ,ㅣ,soft,detailed_voicebank\04_all_399_soft_female\ㅁ\미.wav,0.40800454,0.85623441,0.38207129,7.00896536,0.08798355,3182.60113576,0.31896758
ㅂㅏ,바,ㅂ,ㅏ,clean,detailed_voicebank\03_all_399_clean_female\ㅂ\바.wav,0.41798186,0.85995483,0.27047694,10.04690807,0.08007812,2755.13315699,0.17699351
ㅂㅏ,바,ㅂ,ㅏ,soft,detailed_voicebank\04_all_399_soft_female\ㅂ\바.wav,0.41798186,0.86388937,0.31467879,8.77181318,0.08680556,2737.76463792,0.17278943
ㅂㅐ,배,ㅂ,ㅐ,clean,detailed_voicebank\03_all_399_clean_female\ㅂ\배.wav,0.41798186,0.85995483,0.2909694,9.41256646,0.10199653,3095.37440829,0.23945431
ㅂㅐ,배,ㅂ,ㅐ,soft,detailed_voicebank\04_all_399_soft_female\ㅂ\배.wav,0.41798186,0.86251506,0.33782846,8.14140897,0.1078559,3050.19818278,0.23358028
ㅂㅑ,뱌,ㅂ,ㅑ,clean,detailed_voicebank\03_all_399_clean_female\ㅂ\뱌.wav,0.41798186,0.85995483,0.27974782,9.75417852,0.10351562,3100.14398586,0.26305636
ㅂㅑ,뱌,ㅂ,ㅑ,soft,detailed_voicebank\04_all_399_soft_female\ㅂ\뱌.wav,0.41798186,0.85089658,0.32055398,8.47951215,0.10942925,3160.06102491,0.26603882
ㅂㅒ,뱨,ㅂ,ㅒ,clean,detailed_voicebank\03_all_399_clean_female\ㅂ\뱨.wav,0.41798186,0.85995483,0.25114151,10.69114294,0.10568576,3136.65814311,0.25478835
ㅂㅒ,뱨,ㅂ,ㅒ,soft,detailed_voicebank\04_all_399_soft_female\ㅂ\뱨.wav,0.41798186,0.86325999,0.29628318,9.28869213,0.11176215,3140.9498575,0.25352657
ㅂㅓ,버,ㅂ,ㅓ,clean,detailed_voicebank\03_all_399_clean_female\ㅂ\버.wav,0.41798186,0.85995483,0.31223048,8.80000688,0.09375,2622.55962725,0.13842487
ㅂㅓ,버,ㅂ,ㅓ,soft,detailed_voicebank\04_all_399_soft_female\ㅂ\버.wav,0.41798186,0.86243961,0.35612078,7.68262755,0.1008572,2615.31330598,0.14155726
ㅂㅔ,베,ㅂ,ㅔ,clean,detailed_voicebank\03_all_399_clean_female\ㅂ\베.wav,0.41798186,0.85995483,0.26420081,10.25083003,0.12608507,3235.66967381,0.27573645
ㅂㅔ,베,ㅂ,ㅔ,soft,detailed_voicebank\04_all_399_soft_female\ㅂ\베.wav,0.41798186,0.86256357,0.30910693,8.91364744,0.13270399,3367.42580055,0.28385006
ㅂㅕ,벼,ㅂ,ㅕ,clean,detailed_voicebank\03_all_399_clean_female\ㅂ\벼.wav,0.41798186,0.85995483,0.25419497,10.58617384,0.1155599,3109.13890039,0.26253864
ㅂㅕ,벼,ㅂ,ㅕ,soft,detailed_voicebank\04_all_399_soft_female\ㅂ\벼.wav,0.41798186,0.85957391,0.29724903,9.22325553,0.12065972,3143.79706526,0.26247405
ㅂㅖ,볘,ㅂ,ㅖ,clean,detailed_voicebank\03_all_399_clean_female\ㅂ\볘.wav,0.41798186,0.85995483,0.28164202,9.69556373,0.11697049,3077.65094856,0.2675711
ㅂㅖ,볘,ㅂ,ㅖ,soft,detailed_voicebank\04_all_399_soft_female\ㅂ\볘.wav,0.41798186,0.85878171,0.32789807,8.36287849,0.12163628,3097.04628274,0.26482351
ㅂㅗ,보,ㅂ,ㅗ,clean,detailed_voicebank\03_all_399_clean_female\ㅂ\보.wav,0.41798186,0.85995483,0.34013518,8.05648181,0.07465278,2393.30136436,0.14578291
ㅂㅗ,보,ㅂ,ㅗ,soft,detailed_voicebank\04_all_399_soft_female\ㅂ\보.wav,0.41798186,0.86291614,0.38637831,6.97911711,0.08143446,2323.37716744,0.13822342
ㅂㅘ,봐,ㅂ,ㅘ,clean,detailed_voicebank\03_all_399_clean_female\ㅂ\봐.wav,0.41798186,0.85995483,0.26761729,10.13922958,0.08192274,2386.49208152,0.13291105
ㅂㅘ,봐,ㅂ,ㅘ,soft,detailed_voicebank\04_all_399_soft_female\ㅂ\봐.wav,0.41798186,0.86324939,0.31378496,8.79008314,0.08821615,2374.72385663,0.13348473
ㅂㅙ,봬,ㅂ,ㅙ,clean,detailed_voicebank\03_all_399_clean_female\ㅂ\봬.wav,0.41798186,0.85995483,0.20834618,12.31380182,0.09765625,2533.70488201,0.16036934
ㅂㅙ,봬,ㅂ,ㅙ,soft,detailed_voicebank\04_all_399_soft_female\ㅂ\봬.wav,0.41798186,0.86444102,0.24726629,10.87140921,0.10346137,2493.11512759,0.15695817
ㅂㅚ,뵈,ㅂ,ㅚ,clean,detailed_voicebank\03_all_399_clean_female\ㅂ\뵈.wav,0.41798186,0.85995483,0.26515117,10.21964194,0.09201389,2616.30395874,0.17256371
ㅂㅚ,뵈,ㅂ,ㅚ,soft,detailed_voicebank\04_all_399_soft_female\ㅂ\뵈.wav,0.41798186,0.86273394,0.31182488,8.83932227,0.09743924,2613.35038327,0.17337329
ㅂㅛ,뵤,ㅂ,ㅛ,clean,detailed_voicebank\03_all_399_clean_female\ㅂ\뵤.wav,0.41798186,0.85995483,0.26955911,10.07643265,0.09906684,3052.12427261,0.27073107
ㅂㅛ,뵤,ㅂ,ㅛ,soft,detailed_voicebank\04_all_399_soft_female\ㅂ\뵤.wav,0.41798186,0.85743113,0.31248681,8.76735111,0.10476345,3068.3006004,0.27086067
ㅂㅜ,부,ㅂ,ㅜ,clean,detailed_voicebank\03_all_399_clean_female\ㅂ\부.wav,0.41798186,0.85995483,0.24791051,10.80361423,0.07573785,2337.19016812,0.12826819
ㅂㅜ,부,ㅂ,ㅜ,soft,detailed_voicebank\04_all_399_soft_female\ㅂ\부.wav,0.41798186,0.86345697,0.29110365,9.44386097,0.08268229,2286.53533983,0.12244403
ㅂㅝ,붜,ㅂ,ㅝ,clean,detailed_voicebank\03_all_399_clean_female\ㅂ\붜.wav,0.41798186,0.85995483,0.27825781,9.80056551,0.0703125,2203.26777121,0.10985682
ㅂㅝ,붜,ㅂ,ㅝ,soft,detailed_voicebank\04_all_399_soft_female\ㅂ\붜.wav,0.41798186,0.86435982,0.32407547,8.52096823,0.07693142,2173.02777485,0.10753241
ㅂㅞ,붸,ㅂ,ㅞ,clean,detailed_voicebank\03_all_399_clean_female\ㅂ\붸.wav,0.41798186,0.85995483,0.32362642,8.48863334,0.0766059,2411.8816509,0.14921454
ㅂㅞ,붸,ㅂ,ㅞ,soft,detailed_voicebank\04_all_399_soft_female\ㅂ\붸.wav,0.41798186,0.86448758,0.37232117,7.31682047,0.08344184,2427.04502876,0.15110197
ㅂㅟ,뷔,ㅂ,ㅟ,clean,detailed_voicebank\03_all_399_clean_female\ㅂ\뷔.wav,0.41798186,0.85995483,0.25455095,10.57401838,0.08365885,2476.28690201,0.1629435
ㅂㅟ,뷔,ㅂ,ㅟ,soft,detailed_voicebank\04_all_399_soft_female\ㅂ\뷔.wav,0.41798186,0.86381568,0.29623035,9.29583056,0.08865017,2440.34464497,0.15789137
ㅂㅠ,뷰,ㅂ,ㅠ,clean,detailed_voicebank\03_all_399_clean_female\ㅂ\뷰.wav,0.41798186,0.85995483,0.27049071,10.04646567,0.08713108,2937.39448751,0.24722696
ㅂㅠ,뷰,ㅂ,ㅠ,soft,detailed_voicebank\04_all_399_soft_female\ㅂ\뷰.wav,0.41798186,0.85993141,0.3139046,8.75332257,0.09320747,2948.9967701,0.24534748
ㅂㅡ,브,ㅂ,ㅡ,clean,detailed_voicebank\03_all_399_clean_female\ㅂ\브.wav,0.41798186,0.85995483,0.27193224,10.00029892,0.09157986,2776.33146452,0.18837828
ㅂㅡ,브,ㅂ,ㅡ,soft,detailed_voicebank\04_all_399_soft_female\ㅂ\브.wav,0.41798186,0.86466423,0.3180096,8.68814531,0.09852431,2736.7630288,0.18655106
ㅂㅢ,븨,ㅂ,ㅢ,clean,detailed_voicebank\03_all_399_clean_female\ㅂ\븨.wav,0.41798186,0.85995483,0.28469033,9.60205854,0.0968967,2853.97217015,0.21316092
ㅂㅢ,븨,ㅂ,ㅢ,soft,detailed_voicebank\04_all_399_soft_female\ㅂ\븨.wav,0.41798186,0.86176165,0.33229542,8.27725616,0.10275608,2842.62840321,0.21048666
ㅂㅣ,비,ㅂ,ㅣ,clean,detailed_voicebank\03_all_399_clean_female\ㅂ\비.wav,0.41798186,0.85995483,0.26063788,10.36876201,0.12934028,3104.36164594,0.29398131
ㅂㅣ,비,ㅂ,ㅣ,soft,detailed_voicebank\04_all_399_soft_female\ㅂ\비.wav,0.41798186,0.86256932,0.30662066,8.98385178,0.13617622,3079.05011266,0.28809818
ㅃㅏ,빠,ㅃ,ㅏ,clean,detailed_voicebank\03_all_399_clean_female\ㅃ\빠.wav,0.41,0.85995483,0.22900159,11.49274272,0.07997788,2749.52578316,0.18048878
ㅃㅏ,빠,ㅃ,ㅏ,soft,detailed_voicebank\04_all_399_soft_female\ㅃ\빠.wav,0.41,0.86297736,0.26984776,10.09761153,0.08384956,2709.22390353,0.17351031
ㅃㅐ,빼,ㅃ,ㅐ,clean,detailed_voicebank\03_all_399_clean_female\ㅃ\빼.wav,0.41,0.85995483,0.23659589,11.20936894,0.12975664,2988.57777076,0.22411324
ㅃㅐ,빼,ㅃ,ㅐ,soft,detailed_voicebank\04_all_399_soft_female\ㅃ\빼.wav,0.41,0.86125533,0.2756721,9.89478208,0.13202434,2991.13437377,0.21967488
ㅃㅑ,뺘,ㅃ,ㅑ,clean,detailed_voicebank\03_all_399_clean_female\ㅃ\뺘.wav,0.41,0.85995483,0.22620318,11.59953876,0.11371681,2902.37109405,0.24336728
ㅃㅑ,뺘,ㅃ,ㅑ,soft,detailed_voicebank\04_all_399_soft_female\ㅃ\뺘.wav,0.41,0.86106304,0.27028472,10.06426907,0.11626106,2912.84892523,0.24277202
ㅃㅒ,뺴,ㅃ,ㅒ,clean,detailed_voicebank\03_all_399_clean_female\ㅃ\뺴.wav,0.41,0.85995483,0.20933392,12.27272073,0.11205752,2989.37743418,0.27846544
ㅃㅒ,뺴,ㅃ,ㅒ,soft,detailed_voicebank\04_all_399_soft_female\ㅃ\뺴.wav,0.41,0.85990213,0.25106817,10.69314749,0.11460177,2972.33801932,0.27161183
ㅃㅓ,뻐,ㅃ,ㅓ,clean,detailed_voicebank\03_all_399_clean_female\ㅃ\뻐.wav,0.41,0.85995483,0.25927882,10.41417188,0.08628319,2755.8152971,0.15747672
ㅃㅓ,뻐,ㅃ,ㅓ,soft,detailed_voicebank\04_all_399_soft_female\ㅃ\뻐.wav,0.41,0.86536238,0.30728099,8.99324632,0.08899336,2715.81857443,0.15431248
ㅃㅔ,뻬,ㅃ,ㅔ,clean,detailed_voicebank\03_all_399_clean_female\ㅃ\뻬.wav,0.41,0.85995483,0.25421066,10.58563764,0.14336283,3160.37249361,0.28143699
ㅃㅔ,뻬,ㅃ,ㅔ,soft,detailed_voicebank\04_all_399_soft_female\ㅃ\뻬.wav,0.41,0.8584896,0.29925124,9.15398156,0.14673673,3149.10542742,0.27764582
ㅃㅕ,뼈,ㅃ,ㅕ,clean,detailed_voicebank\03_all_399_clean_female\ㅃ\뼈.wav,0.41,0.85995483,0.2750645,9.90082208,0.09646018,2890.46030525,0.26056105
ㅃㅕ,뼈,ㅃ,ㅕ,soft,detailed_voicebank\04_all_399_soft_female\ㅃ\뼈.wav,0.41,0.8573753,0.32204134,8.50518677,0.09911504,2928.38810959,0.25891228
ㅃㅖ,뼤,ㅃ,ㅖ,clean,detailed_voicebank\03_all_399_clean_female\ㅃ\뼤.wav,0.41,0.85995483,0.19464768,12.90452843,0.11327434,3146.78508181,0.27707362
ㅃㅖ,뼤,ㅃ,ㅖ,soft,detailed_voicebank\04_all_399_soft_female\ㅃ\뼤.wav,0.41,0.86040605,0.23487606,11.27729412,0.1159292,3119.74507123,0.27046748
ㅃㅗ,뽀,ㅃ,ㅗ,clean,detailed_voicebank\03_all_399_clean_female\ㅃ\뽀.wav,0.41,0.85995483,0.30307964,9.05837767,0.06316372,2384.46718911,0.14625385
ㅃㅗ,뽀,ㅃ,ㅗ,soft,detailed_voicebank\04_all_399_soft_female\ㅃ\뽀.wav,0.41,0.86439387,0.35274082,7.7851191,0.06681416,2308.55598017,0.14024135
ㅃㅘ,뽜,ㅃ,ㅘ,clean,detailed_voicebank\03_all_399_clean_female\ㅃ\뽜.wav,0.41,0.85995483,0.24027902,11.07519567,0.10132743,2355.80398171,0.13406133
ㅃㅘ,뽜,ㅃ,ㅘ,soft,detailed_voicebank\04_all_399_soft_female\ㅃ\뽜.wav,0.41,0.86605612,0.28398781,9.6849266,0.10459071,2325.65971128,0.13081438
ㅃㅙ,뽸,ㅃ,ㅙ,clean,detailed_voicebank\03_all_399_clean_female\ㅃ\뽸.wav,0.41,0.85995483,0.24618697,10.86421167,0.09137168,2445.54841216,0.14863897
ㅃㅙ,뽸,ㅃ,ㅙ,soft,detailed_voicebank\04_all_399_soft_female\ㅃ\뽸.wav,0.41,0.86233316,0.29030988,9.45626537,0.09446903,2434.28025844,0.15005823
ㅃㅚ,뾔,ㅃ,ㅚ,clean,detailed_voicebank\03_all_399_clean_female\ㅃ\뾔.wav,0.41,0.85995483,0.23557656,11.24687142,0.0920354,2529.80257048,0.16789623
ㅃㅚ,뾔,ㅃ,ㅚ,soft,detailed_voicebank\04_all_399_soft_female\ㅃ\뾔.wav,0.41,0.86383397,0.27742937,9.8655569,0.09518805,2497.70902352,0.16687113
ㅃㅛ,뾰,ㅃ,ㅛ,clean,detailed_voicebank\03_all_399_clean_female\ㅃ\뾰.wav,0.41,0.85995483,0.2589813,10.4241448,0.11161504,2950.70148523,0.24888696
ㅃㅛ,뾰,ㅃ,ㅛ,soft,detailed_voicebank\04_all_399_soft_female\ㅃ\뾰.wav,0.41,0.86219949,0.29819059,9.22227646,0.11471239,2964.38641178,0.25256021
ㅃㅜ,뿌,ㅃ,ㅜ,clean,detailed_voicebank\03_all_399_clean_female\ㅃ\뿌.wav,0.41,0.85995483,0.33402588,8.21391038,0.07179204,2379.43874118,0.12293371
ㅃㅜ,뿌,ㅃ,ㅜ,soft,detailed_voicebank\04_all_399_soft_female\ㅃ\뿌.wav,0.41,0.86477719,0.37861321,7.17416921,0.07538717,2345.32951836,0.12131457
ㅃㅝ,뿨,ㅃ,ㅝ,clean,detailed_voicebank\03_all_399_clean_female\ㅃ\뿨.wav,0.41,0.85995483,0.24750499,10.81783365,0.08030973,2285.95054752,0.1185498
ㅃㅝ,뿨,ㅃ,ㅝ,soft,detailed_voicebank\04_all_399_soft_female\ㅃ\뿨.wav,0.41,0.86377538,0.28582169,9.60611263,0.08373894,2284.87889842,0.12122037
ㅃㅞ,쀄,ㅃ,ㅞ,clean,detailed_voicebank\03_all_399_clean_female\ㅃ\쀄.wav,0.41,0.85995483,0.24548054,10.88917138,0.1005531,2387.81978796,0.1557027
ㅃㅞ,쀄,ㅃ,ㅞ,soft,detailed_voicebank\04_all_399_soft_female\ㅃ\쀄.wav,0.41,0.86505266,0.2909911,9.4632568,0.1039823,2378.38320537,0.15793852
ㅃㅟ,쀠,ㅃ,ㅟ,clean,detailed_voicebank\03_all_399_clean_female\ㅃ\쀠.wav,0.41,0.85995483,0.30096274,9.11925813,0.07566372,2618.09949181,0.18281032
ㅃㅟ,쀠,ㅃ,ㅟ,soft,detailed_voicebank\04_all_399_soft_female\ㅃ\쀠.wav,0.41,0.86193403,0.35159444,7.78864058,0.07870575,2621.87678711,0.1837668
ㅃㅠ,쀼,ㅃ,ㅠ,clean,detailed_voicebank\03_all_399_clean_female\ㅃ\쀼.wav,0.41,0.85995483,0.26730205,10.14946702,0.08075221,3033.20887835,0.26603957
ㅃㅠ,쀼,ㅃ,ㅠ,soft,detailed_voicebank\04_all_399_soft_female\ㅃ\쀼.wav,0.41,0.86197991,0.31421103,8.7655144,0.08246681,3032.60932251,0.26238405
ㅃㅡ,쁘,ㅃ,ㅡ,clean,detailed_voicebank\03_all_399_clean_female\ㅃ\쁘.wav,0.41,0.85995483,0.27669014,9.84963934,0.08263274,2732.39918879,0.19657944
ㅃㅡ,쁘,ㅃ,ㅡ,soft,detailed_voicebank\04_all_399_soft_female\ㅃ\쁘.wav,0.41,0.86154397,0.32447408,8.48194867,0.08661504,2694.25564326,0.19105876
ㅃㅢ,쁴,ㅃ,ㅢ,clean,detailed_voicebank\03_all_399_clean_female\ㅃ\쁴.wav,0.41,0.85995483,0.23507124,11.26552304,0.10553097,2898.51094969,0.22448645
ㅃㅢ,쁴,ㅃ,ㅢ,soft,detailed_voicebank\04_all_399_soft_female\ㅃ\쁴.wav,0.41,0.86289476,0.27818855,9.83237151,0.10785398,2877.72183068,0.22161084
ㅃㅣ,삐,ㅃ,ㅣ,clean,detailed_voicebank\03_all_399_clean_female\ㅃ\삐.wav,0.41,0.85995483,0.25763301,10.46948264,0.12876106,3237.71490101,0.30048477
ㅃㅣ,삐,ㅃ,ㅣ,soft,detailed_voicebank\04_all_399_soft_female\ㅃ\삐.wav,0.41,0.85940719,0.30321309,9.04902092,0.13030973,3241.0053955,0.2947981
ㅅㅏ,사,ㅅ,ㅏ,clean,detailed_voicebank\03_all_399_clean_female\ㅅ\사.wav,0.43678005,0.85995483,0.24346296,10.96085471,0.1228389,2737.70745915,0.18498879
ㅅㅏ,사,ㅅ,ㅏ,soft,detailed_voicebank\04_all_399_soft_female\ㅅ\사.wav,0.43678005,0.86376554,0.28358786,9.67416489,0.12159286,2754.30514203,0.18660259
ㅅㅐ,새,ㅅ,ㅐ,clean,detailed_voicebank\03_all_399_clean_female\ㅅ\새.wav,0.43678005,0.85995483,0.26244886,10.30861906,0.13675302,3063.8745881,0.23872633
ㅅㅐ,새,ㅅ,ㅐ,soft,detailed_voicebank\04_all_399_soft_female\ㅅ\새.wav,0.43678005,0.86488289,0.30445761,9.06860948,0.13602617,3095.58824135,0.24027241
ㅅㅑ,샤,ㅅ,ㅑ,clean,detailed_voicebank\03_all_399_clean_female\ㅅ\샤.wav,0.43678005,0.85995483,0.22837193,11.51665836,0.12782306,3064.66677741,0.2734453
ㅅㅑ,샤,ㅅ,ㅑ,soft,detailed_voicebank\04_all_399_soft_female\ㅅ\샤.wav,0.43678005,0.85978477,0.26923368,10.08520716,0.12616167,3084.69577782,0.27105286
ㅅㅒ,섀,ㅅ,ㅒ,clean,detailed_voicebank\03_all_399_clean_female\ㅅ\섀.wav,0.43678005,0.85995483,0.23123753,11.40834658,0.14090649,3123.20721874,0.27014834
ㅅㅒ,섀,ㅅ,ㅒ,soft,detailed_voicebank\04_all_399_soft_female\ㅅ\섀.wav,0.43678005,0.85878575,0.26922817,10.0752865,0.13940086,3140.33187771,0.2676045
ㅅㅓ,서,ㅅ,ㅓ,clean,detailed_voicebank\03_all_399_clean_female\ㅅ\서.wav,0.43678005,0.85995483,0.2700267,10.06137861,0.12169669,2536.85254382,0.13338379
ㅅㅓ,서,ㅅ,ㅓ,soft,detailed_voicebank\04_all_399_soft_female\ㅅ\서.wav,0.43678005,0.86229455,0.31250001,8.81611195,0.1214371,2475.8493255,0.12083599
ㅅㅔ,세,ㅅ,ㅔ,clean,detailed_voicebank\03_all_399_clean_female\ㅅ\세.wav,0.43678005,0.85995483,0.25710931,10.48715677,0.16406209,3200.96863629,0.27773182
ㅅㅔ,세,ㅅ,ㅔ,soft,detailed_voicebank\04_all_399_soft_female\ㅅ\세.wav,0.43678005,0.86076385,0.2985232,9.19811862,0.16250454,3228.24955471,0.27878237
ㅅㅕ,셔,ㅅ,ㅕ,clean,detailed_voicebank\03_all_399_clean_female\ㅅ\셔.wav,0.43678005,0.85995483,0.25504084,10.55731836,0.15097866,3005.06030898,0.25549392
ㅅㅕ,셔,ㅅ,ㅕ,soft,detailed_voicebank\04_all_399_soft_female\ㅅ\셔.wav,0.43678005,0.85865413,0.29603255,9.24957613,0.1491096,3018.77664929,0.25483265
ㅅㅖ,셰,ㅅ,ㅖ,clean,detailed_voicebank\03_all_399_clean_female\ㅅ\셰.wav,0.43678005,0.85995483,0.21751096,11.93989006,0.13467629,3329.37970254,0.30058963
ㅅㅖ,셰,ㅅ,ㅖ,soft,detailed_voicebank\04_all_399_soft_female\ㅅ\셰.wav,0.43678005,0.86197837,0.25634353,10.53348012,0.13343025,3350.27054523,0.2963584
ㅅㅗ,소,ㅅ,ㅗ,clean,detailed_voicebank\03_all_399_clean_female\ㅅ\소.wav,0.43678005,0.85995483,0.25021869,10.72311778,0.09366077,2273.0632755,0.13063522
ㅅㅗ,소,ㅅ,ㅗ,soft,detailed_voicebank\04_all_399_soft_female\ㅅ\소.wav,0.43678005,0.86206887,0.28888374,9.49637735,0.09293391,2218.35117088,0.1249759
ㅅㅘ,솨,ㅅ,ㅘ,clean,detailed_voicebank\03_all_399_clean_female\ㅅ\솨.wav,0.43678005,0.85995483,0.24568021,10.88210938,0.10684803,2360.1751359,0.13480993
ㅅㅘ,솨,ㅅ,ㅘ,soft,detailed_voicebank\04_all_399_soft_female\ㅅ\솨.wav,0.43678005,0.86426454,0.2911455,9.4507322,0.10529048,2328.76590363,0.13039232
ㅅㅙ,쇄,ㅅ,ㅙ,clean,detailed_voicebank\03_all_399_clean_female\ㅅ\쇄.wav,0.43678005,0.85995483,0.25571518,10.53438268,0.1270962,2390.50370685,0.14695997
ㅅㅙ,쇄,ㅅ,ㅙ,soft,detailed_voicebank\04_all_399_soft_female\ㅅ\쇄.wav,0.43678005,0.86320983,0.30045033,9.16687387,0.12533098,2379.23954786,0.15027915
ㅅㅚ,쇠,ㅅ,ㅚ,clean,detailed_voicebank\03_all_399_clean_female\ㅅ\쇠.wav,0.43678005,0.85995483,0.25095912,10.69745308,0.12107367,2507.11638144,0.16466788
ㅅㅚ,쇠,ㅅ,ㅚ,soft,detailed_voicebank\04_all_399_soft_female\ㅅ\쇠.wav,0.43678005,0.86307127,0.29561519,9.3063982,0.11806241,2449.97692734,0.15668032
ㅅㅛ,쇼,ㅅ,ㅛ,clean,detailed_voicebank\03_all_399_clean_female\ㅅ\쇼.wav,0.43678005,0.85995483,0.26976587,10.06977292,0.12242355,2866.20426338,0.24241487
ㅅㅛ,쇼,ㅅ,ㅛ,soft,detailed_voicebank\04_all_399_soft_female\ㅅ\쇼.wav,0.43678005,0.86225355,0.31431958,8.76527116,0.12008722,2878.86959973,0.24249826
ㅅㅜ,수,ㅅ,ㅜ,clean,detailed_voicebank\03_all_399_clean_female\ㅅ\수.wav,0.43678005,0.85995483,0.26210539,10.3199937,0.10009864,2235.12722483,0.11428738
ㅅㅜ,수,ㅅ,ㅜ,soft,detailed_voicebank\04_all_399_soft_female\ㅅ\수.wav,0.43678005,0.86334829,0.3028353,9.09959066,0.09796999,2182.34984967,0.11525817
ㅅㅝ,숴,ㅅ,ㅝ,clean,detailed_voicebank\03_all_399_clean_female\ㅅ\숴.wav,0.43678005,0.85995483,0.26536358,10.21268654,0.12522714,2236.25480587,0.11584325
ㅅㅝ,숴,ㅅ,ㅝ,soft,detailed_voicebank\04_all_399_soft_female\ㅅ\숴.wav,0.43678005,0.86391703,0.30713428,8.98287486,0.12387726,2200.59411996,0.10925824
ㅅㅞ,쉐,ㅅ,ㅞ,clean,detailed_voicebank\03_all_399_clean_female\ㅅ\쉐.wav,0.43678005,0.85995483,0.23518122,11.26146011,0.12969212,2285.2462267,0.13920878
ㅅㅞ,쉐,ㅅ,ㅞ,soft,detailed_voicebank\04_all_399_soft_female\ㅅ\쉐.wav,0.43678005,0.86380434,0.27712069,9.87492873,0.12782306,2244.77751818,0.13389958
ㅅㅟ,쉬,ㅅ,ㅟ,clean,detailed_voicebank\03_all_399_clean_female\ㅅ\쉬.wav,0.43678005,0.85995483,0.23719832,11.18728049,0.11588183,2530.21901722,0.16020831
ㅅㅟ,쉬,ㅅ,ㅟ,soft,detailed_voicebank\04_all_399_soft_female\ㅅ\쉬.wav,0.43678005,0.86357194,0.27882439,9.81935536,0.11349359,2493.39781743,0.15702782
ㅅㅠ,슈,ㅅ,ㅠ,clean,detailed_voicebank\03_all_399_clean_female\ㅅ\슈.wav,0.43678005,0.85995483,0.23410731,11.30121318,0.11899694,3009.57593985,0.27204391
ㅅㅠ,슈,ㅅ,ㅠ,soft,detailed_voicebank\04_all_399_soft_female\ㅅ\슈.wav,0.43678005,0.85995097,0.27559284,9.88411519,0.1163491,2986.1825781,0.26337308
ㅅㅡ,스,ㅅ,ㅡ,clean,detailed_voicebank\03_all_399_clean_female\ㅅ\스.wav,0.43678005,0.85995483,0.26463922,10.23642853,0.12252739,2683.29829612,0.18005155
ㅅㅡ,스,ㅅ,ㅡ,soft,detailed_voicebank\04_all_399_soft_female\ㅅ\스.wav,0.43678005,0.86395554,0.31205397,8.84523377,0.12159286,2674.59407967,0.18369358
ㅅㅢ,싀,ㅅ,ㅢ,clean,detailed_voicebank\03_all_399_clean_female\ㅅ\싀.wav,0.43678005,0.85995483,0.2095069,12.26554602,0.12636935,2995.99649763,0.23485007
ㅅㅢ,싀,ㅅ,ㅢ,soft,detailed_voicebank\04_all_399_soft_female\ㅅ\싀.wav,0.43678005,0.86451169,0.25098629,10.74241729,0.12335808,2961.25639304,0.22954422
ㅅㅣ,시,ㅅ,ㅣ,clean,detailed_voicebank\03_all_399_clean_female\ㅅ\시.wav,0.43678005,0.85995483,0.28880352,9.47746315,0.11899694,3068.38966103,0.28620379
ㅅㅣ,시,ㅅ,ㅣ,soft,detailed_voicebank\04_all_399_soft_female\ㅅ\시.wav,0.43678005,0.86208932,0.33507319,8.20825181,0.1169202,3109.01891523,0.28686746
ㅆㅏ,싸,ㅆ,ㅏ,clean,detailed_voicebank\03_all_399_clean_female\ㅆ\싸.wav,0.4492517,0.85995483,0.25340357,10.61325831,0.12124577,2755.66681123,0.17444889
ㅆㅏ,싸,ㅆ,ㅏ,soft,detailed_voicebank\04_all_399_soft_female\ㅆ\싸.wav,0.4492517,0.8614051,0.29668936,9.25810924,0.12053909,2730.66917008,0.17636629
ㅆㅐ,쌔,ㅆ,ㅐ,clean,detailed_voicebank\03_all_399_clean_female\ㅆ\쌔.wav,0.4492517,0.85995483,0.21498328,12.04141928,0.15769017,3066.19854179,0.22562635
ㅆㅐ,쌔,ㅆ,ㅐ,soft,detailed_voicebank\04_all_399_soft_female\ㅆ\쌔.wav,0.4492517,0.86460293,0.25657403,10.55208021,0.15526728,3048.39262422,0.22374527
ㅆㅑ,쌰,ㅆ,ㅑ,clean,detailed_voicebank\03_all_399_clean_female\ㅆ\쌰.wav,0.4492517,0.85995483,0.24164704,11.02588343,0.15254152,2938.82763412,0.23470509
ㅆㅑ,쌰,ㅆ,ㅑ,soft,detailed_voicebank\04_all_399_soft_female\ㅆ\쌰.wav,0.4492517,0.85626716,0.28332124,9.60660303,0.15001767,2953.15882206,0.2327775
ㅆㅒ,썌,ㅆ,ㅒ,clean,detailed_voicebank\03_all_399_clean_female\ㅆ\썌.wav,0.4492517,0.85995483,0.23590609,11.23472992,0.15011862,3052.11078823,0.27555631
ㅆㅒ,썌,ㅆ,ㅒ,soft,detailed_voicebank\04_all_399_soft_female\ㅆ\썌.wav,0.4492517,0.86216519,0.27820895,9.82438772,0.1490586,3083.8508626,0.27364547
ㅆㅓ,써,ㅆ,ㅓ,clean,detailed_voicebank\03_all_399_clean_female\ㅆ\써.wav,0.4492517,0.85995483,0.24751113,10.8176183,0.12134673,2607.49405537,0.13970123
ㅆㅓ,써,ㅆ,ㅓ,soft,detailed_voicebank\04_all_399_soft_female\ㅆ\써.wav,0.4492517,0.86508889,0.28784072,9.55816995,0.12003432,2573.98287432,0.13526524
ㅆㅔ,쎄,ㅆ,ㅔ,clean,detailed_voicebank\03_all_399_clean_female\ㅆ\쎄.wav,0.4492517,0.85995483,0.20976438,12.25487788,0.14274898,3192.1163152,0.28361056
ㅆㅔ,쎄,ㅆ,ㅔ,soft,detailed_voicebank\04_all_399_soft_female\ㅆ\쎄.wav,0.4492517,0.85974445,0.24806711,10.79600404,0.13911463,3153.89421351,0.2706913
ㅆㅕ,쎠,ㅆ,ㅕ,clean,detailed_voicebank\03_all_399_clean_female\ㅆ\쎠.wav,0.4492517,0.85995483,0.22961538,11.4694933,0.15183484,2943.07059283,0.24273876
ㅆㅕ,쎠,ㅆ,ㅕ,soft,detailed_voicebank\04_all_399_soft_female\ㅆ\쎠.wav,0.4492517,0.85951702,0.26933251,10.07931393,0.14855383,2923.97897564,0.23763393
ㅆㅖ,쎼,ㅆ,ㅖ,clean,detailed_voicebank\03_all_399_clean_female\ㅆ\쎼.wav,0.4492517,0.85995483,0.1964243,12.82560864,0.14406138,3218.58105694,0.29113677
ㅆㅖ,쎼,ㅆ,ㅖ,soft,detailed_voicebank\04_all_399_soft_female\ㅆ\쎼.wav,0.4492517,0.8605389,0.23696791,11.20161942,0.14249659,3218.75743499,0.28722686
ㅆㅗ,쏘,ㅆ,ㅗ,clean,detailed_voicebank\03_all_399_clean_female\ㅆ\쏘.wav,0.4492517,0.85995483,0.21229737,12.15062037,0.11791429,2532.85460847,0.14498419
ㅆㅗ,쏘,ㅆ,ㅗ,soft,detailed_voicebank\04_all_399_soft_female\ㅆ\쏘.wav,0.4492517,0.86266445,0.25490067,10.58941855,0.11639998,2459.01969234,0.13663966
ㅆㅘ,쏴,ㅆ,ㅘ,clean,detailed_voicebank\03_all_399_clean_female\ㅆ\쏴.wav,0.4492517,0.85995483,0.24086228,11.05413694,0.12609157,2326.29480741,0.1299016
ㅆㅘ,쏴,ㅆ,ㅘ,soft,detailed_voicebank\04_all_399_soft_female\ㅆ\쏴.wav,0.4492517,0.86239401,0.28590303,9.58973943,0.12508203,2291.93570348,0.12637698
ㅆㅙ,쐐,ㅆ,ㅙ,clean,detailed_voicebank\03_all_399_clean_female\ㅆ\쐐.wav,0.4492517,0.85995483,0.22750536,11.54968013,0.14052799,2432.35064425,0.15040505
ㅆㅙ,쐐,ㅆ,ㅙ,soft,detailed_voicebank\04_all_399_soft_female\ㅆ\쐐.wav,0.4492517,0.86320165,0.26906673,10.12504501,0.13866034,2406.82943976,0.14849546
ㅆㅚ,쐬,ㅆ,ㅚ,clean,detailed_voicebank\03_all_399_clean_female\ㅆ\쐬.wav,0.4492517,0.85995483,0.20133863,12.61097055,0.14315279,2481.56057137,0.17221795
ㅆㅚ,쐬,ㅆ,ㅚ,soft,detailed_voicebank\04_all_399_soft_female\ㅆ\쐬.wav,0.4492517,0.86282735,0.23968152,11.12578714,0.14168896,2438.99317001,0.16832679
ㅆㅛ,쑈,ㅆ,ㅛ,clean,detailed_voicebank\03_all_399_clean_female\ㅆ\쑈.wav,0.4492517,0.85995483,0.21622038,11.99158046,0.12861542,3198.95555907,0.30269483
ㅆㅛ,쑈,ㅆ,ㅛ,soft,detailed_voicebank\04_all_399_soft_female\ㅆ\쑈.wav,0.4492517,0.85762855,0.25722753,10.45963577,0.12674777,3187.43666177,0.29676426
ㅆㅜ,쑤,ㅆ,ㅜ,clean,detailed_voicebank\03_all_399_clean_female\ㅆ\쑤.wav,0.4492517,0.85995483,0.26943899,10.0803041,0.11730857,2206.83389453,0.11649237
ㅆㅜ,쑤,ㅆ,ㅜ,soft,detailed_voicebank\04_all_399_soft_female\ㅆ\쑤.wav,0.4492517,0.86359529,0.31108549,8.86861023,0.11660189,2115.44799799,0.1075489
ㅆㅝ,쒀,ㅆ,ㅝ,clean,detailed_voicebank\03_all_399_clean_female\ㅆ\쒀.wav,0.4492517,0.85995483,0.24762621,10.81358059,0.12922114,2289.35768287,0.11552852
ㅆㅝ,쒀,ㅆ,ㅝ,soft,detailed_voicebank\04_all_399_soft_female\ㅆ\쒀.wav,0.4492517,0.86405967,0.29178507,9.42961325,0.12856494,2248.95326544,0.11211217
ㅆㅞ,쒜,ㅆ,ㅞ,clean,detailed_voicebank\03_all_399_clean_female\ㅆ\쒜.wav,0.4492517,0.85995483,0.28654087,9.54578131,0.1244763,2395.84890098,0.14493627
ㅆㅞ,쒜,ㅆ,ㅞ,soft,detailed_voicebank\04_all_399_soft_female\ㅆ\쒜.wav,0.4492517,0.86091328,0.3331048,8.24757019,0.12387058,2384.48271271,0.14304014
ㅆㅟ,쒸,ㅆ,ㅟ,clean,detailed_voicebank\03_all_399_clean_female\ㅆ\쒸.wav,0.4492517,0.85995483,0.22136609,11.78729086,0.12972591,2324.12537821,0.15063891
ㅆㅟ,쒸,ㅆ,ㅟ,soft,detailed_voicebank\04_all_399_soft_female\ㅆ\쒸.wav,0.4492517,0.86415639,0.26402993,10.29878377,0.1275554,2289.14965573,0.14878965
ㅆㅠ,쓔,ㅆ,ㅠ,clean,detailed_voicebank\03_all_399_clean_female\ㅆ\쓔.wav,0.4492517,0.85995483,0.26797505,10.12762558,0.13134117,3003.64326321,0.26235413
ㅆㅠ,쓔,ㅆ,ㅠ,soft,detailed_voicebank\04_all_399_soft_female\ㅆ\쓔.wav,0.4492517,0.86695178,0.31293726,8.85075346,0.12851446,3029.32767393,0.26221795
ㅆㅡ,쓰,ㅆ,ㅡ,clean,detailed_voicebank\03_all_399_clean_female\ㅆ\쓰.wav,0.4492517,0.85995483,0.24525905,10.89701191,0.10135783,2750.1972371,0.20152985
ㅆㅡ,쓰,ㅆ,ㅡ,soft,detailed_voicebank\04_all_399_soft_female\ㅆ\쓰.wav,0.4492517,0.86367917,0.28514216,9.62582016,0.09969209,2744.89942835,0.20356744
ㅆㅢ,씌,ㅆ,ㅢ,clean,detailed_voicebank\03_all_399_clean_female\ㅆ\씌.wav,0.4492517,0.85995483,0.22617588,11.60058722,0.14608046,2937.78995152,0.21169667
ㅆㅢ,씌,ㅆ,ㅢ,soft,detailed_voicebank\04_all_399_soft_female\ㅆ\씌.wav,0.4492517,0.86533479,0.26846263,10.16600643,0.14279945,2923.66041174,0.21228237
ㅆㅣ,씨,ㅆ,ㅣ,clean,detailed_voicebank\03_all_399_clean_female\ㅆ\씨.wav,0.4492517,0.85995483,0.27134715,10.01900739,0.1484024,3174.58468355,0.3073396
ㅆㅣ,씨,ㅆ,ㅣ,soft,detailed_voicebank\04_all_399_soft_female\ㅆ\씨.wav,0.4492517,0.86234391,0.31072665,8.86603996,0.14764525,3258.03613611,0.30867176
ㅇㅏ,아,ㅇ,ㅏ,clean,detailed_voicebank\03_all_399_clean_female\ㅇ\아.wav,0.3929932,0.85995483,0.25087168,10.70048023,0.10236584,2746.41259176,0.18066563
ㅇㅏ,아,ㅇ,ㅏ,soft,detailed_voicebank\04_all_399_soft_female\ㅇ\아.wav,0.3929932,0.86462257,0.28911207,9.51520682,0.10086555,2727.4226875,0.18809819
ㅇㅐ,애,ㅇ,ㅐ,clean,detailed_voicebank\03_all_399_clean_female\ㅇ\애.wav,0.3929932,0.85995483,0.35330765,7.72645206,0.11598384,3050.02686061,0.23824173
ㅇㅐ,애,ㅇ,ㅐ,soft,detailed_voicebank\04_all_399_soft_female\ㅇ\애.wav,0.3929932,0.86285614,0.4000005,6.67755716,0.1152337,3082.64448471,0.23766148
ㅇㅑ,야,ㅇ,ㅑ,clean,detailed_voicebank\03_all_399_clean_female\ㅇ\야.wav,0.3929932,0.85995483,0.309586,8.8738865,0.1221004,2907.48600979,0.2499788
ㅇㅑ,야,ㅇ,ㅑ,soft,detailed_voicebank\04_all_399_soft_female\ㅇ\야.wav,0.3929932,0.84692945,0.35647344,7.51640103,0.12060012,2950.93584122,0.25044682
ㅇㅒ,얘,ㅇ,ㅒ,clean,detailed_voicebank\03_all_399_clean_female\ㅇ\얘.wav,0.3929932,0.85995483,0.24626362,10.86150749,0.12394691,3059.50052419,0.26463797
ㅇㅒ,얘,ㅇ,ㅒ,soft,detailed_voicebank\04_all_399_soft_female\ㅇ\얘.wav,0.3929932,0.86004908,0.28556468,9.57637484,0.12186959,3075.02944916,0.26586359
ㅇㅓ,어,ㅇ,ㅓ,clean,detailed_voicebank\03_all_399_clean_female\ㅇ\어.wav,0.3929932,0.85995483,0.30584248,8.97955684,0.09509521,2662.07450503,0.14651826
ㅇㅓ,어,ㅇ,ㅓ,soft,detailed_voicebank\04_all_399_soft_female\ㅇ\어.wav,0.3929932,0.86480282,0.34523651,7.97600754,0.09232545,2683.16107714,0.15471739
ㅇㅔ,에,ㅇ,ㅔ,clean,detailed_voicebank\03_all_399_clean_female\ㅇ\에.wav,0.3929932,0.85995483,0.27609164,9.86844764,0.12937103,3244.70075522,0.28315678
ㅇㅔ,에,ㅇ,ㅔ,soft,detailed_voicebank\04_all_399_soft_female\ㅇ\에.wav,0.3929932,0.8596483,0.31796371,8.6388652,0.1287363,3256.84539618,0.27170037
ㅇㅕ,여,ㅇ,ㅕ,clean,detailed_voicebank\03_all_399_clean_female\ㅇ\여.wav,0.3929932,0.85995483,0.2686535,10.10566281,0.11829198,2900.93477366,0.24334475
ㅇㅕ,여,ㅇ,ㅕ,soft,detailed_voicebank\04_all_399_soft_female\ㅇ\여.wav,0.3929932,0.86097972,0.31131063,8.83597949,0.1170225,2910.88621192,0.2425601
ㅇㅖ,예,ㅇ,ㅖ,clean,detailed_voicebank\03_all_399_clean_female\ㅇ\예.wav,0.3929932,0.85995483,0.25724863,10.48245144,0.10871321,3264.3596059,0.29864558
ㅇㅖ,예,ㅇ,ㅖ,soft,detailed_voicebank\04_all_399_soft_female\ㅇ\예.wav,0.3929932,0.85928388,0.30170056,9.09121095,0.10761685,3263.43815062,0.29247055
ㅇㅗ,오,ㅇ,ㅗ,clean,detailed_voicebank\03_all_399_clean_female\ㅇ\오.wav,0.3929932,0.85995483,0.33961354,8.06981289,0.08424697,2353.14870843,0.13266033
ㅇㅗ,오,ㅇ,ㅗ,soft,detailed_voicebank\04_all_399_soft_female\ㅇ\오.wav,0.3929932,0.86217912,0.38769079,6.94224047,0.08424697,2293.65420198,0.122364
ㅇㅘ,와,ㅇ,ㅘ,clean,detailed_voicebank\03_all_399_clean_female\ㅇ\와.wav,0.3929932,0.85995483,0.30138163,9.10717743,0.10028852,2335.48595821,0.13377451
ㅇㅘ,와,ㅇ,ㅘ,soft,detailed_voicebank\04_all_399_soft_female\ㅇ\와.wav,0.3929932,0.8641095,0.34288992,8.02828113,0.09959608,2315.47256514,0.13355414
ㅇㅙ,왜,ㅇ,ㅙ,clean,detailed_voicebank\03_all_399_clean_female\ㅇ\왜.wav,0.3929932,0.85995483,0.26068462,10.36720464,0.09671091,2451.96904094,0.15945584
ㅇㅙ,왜,ㅇ,ㅙ,soft,detailed_voicebank\04_all_399_soft_female\ㅇ\왜.wav,0.3929932,0.86564744,0.30495595,9.06207891,0.09578765,2457.03721514,0.16556423
ㅇㅚ,외,ㅇ,ㅚ,clean,detailed_voicebank\03_all_399_clean_female\ㅇ\외.wav,0.3929932,0.85995483,0.33539909,8.17827511,0.10409694,2648.5393694,0.19423995
ㅇㅚ,외,ㅇ,ㅚ,soft,detailed_voicebank\04_all_399_soft_female\ㅇ\외.wav,0.3929932,0.86362116,0.3842201,7.03486386,0.10351991,2687.02760332,0.20102808
ㅇㅛ,요,ㅇ,ㅛ,clean,detailed_voicebank\03_all_399_clean_female\ㅇ\요.wav,0.3929932,0.85995483,0.3124858,8.79290702,0.10386613,2996.29745032,0.26378969
ㅇㅛ,요,ㅇ,ㅛ,soft,detailed_voicebank\04_all_399_soft_female\ㅇ\요.wav,0.3929932,0.86316727,0.35915866,7.61617232,0.10328909,3081.64568187,0.27271983
ㅇㅜ,우,ㅇ,ㅜ,clean,detailed_voicebank\03_all_399_clean_female\ㅇ\우.wav,0.3929932,0.85995483,0.30140031,9.10663892,0.08020773,2305.51588166,0.12743467
ㅇㅜ,우,ㅇ,ㅜ,soft,detailed_voicebank\04_all_399_soft_female\ㅇ\우.wav,0.3929932,0.86402626,0.34720336,7.91886046,0.08015003,2238.77976522,0.12223949
ㅇㅝ,워,ㅇ,ㅝ,clean,detailed_voicebank\03_all_399_clean_female\ㅇ\워.wav,0.3929932,0.85995483,0.33732807,8.12846319,0.07859204,2339.54417457,0.12130643
ㅇㅝ,워,ㅇ,ㅝ,soft,detailed_voicebank\04_all_399_soft_female\ㅇ\워.wav,0.3929932,0.85174956,0.3856861,6.88155858,0.07749567,2377.437215,0.1303809
ㅇㅞ,웨,ㅇ,ㅞ,clean,detailed_voicebank\03_all_399_clean_female\ㅇ\웨.wav,0.3929932,0.85995483,0.28588126,9.56579915,0.08724755,2522.56416662,0.16942497
ㅇㅞ,웨,ㅇ,ㅞ,soft,detailed_voicebank\04_all_399_soft_female\ㅇ\웨.wav,0.3929932,0.86462224,0.32961694,8.37633758,0.086382,2565.52369054,0.18259108
ㅇㅟ,위,ㅇ,ㅟ,clean,detailed_voicebank\03_all_399_clean_female\ㅇ\위.wav,0.3929932,0.85995483,0.2993051,9.1672305,0.08366994,2633.67720752,0.1930411
ㅇㅟ,위,ㅇ,ㅟ,soft,detailed_voicebank\04_all_399_soft_female\ㅇ\위.wav,0.3929932,0.86380901,0.34815318,7.89294724,0.08274668,2676.13106501,0.19877541
ㅇㅠ,유,ㅇ,ㅠ,clean,detailed_voicebank\03_all_399_clean_female\ㅇ\유.wav,0.3929932,0.85995483,0.36285034,7.49496212,0.10075014,2915.08911805,0.25049759
ㅇㅠ,유,ㅇ,ㅠ,soft,detailed_voicebank\04_all_399_soft_female\ㅇ\유.wav,0.3929932,0.86486269,0.41226038,6.4355113,0.10023081,3034.65314,0.263563
ㅇㅡ,으,ㅇ,ㅡ,clean,detailed_voicebank\03_all_399_clean_female\ㅇ\으.wav,0.3929932,0.85995483,0.29665863,9.24437319,0.0915176,2726.19991516,0.18795167
ㅇㅡ,으,ㅇ,ㅡ,soft,detailed_voicebank\04_all_399_soft_female\ㅇ\으.wav,0.3929932,0.86232018,0.3417863,8.03827789,0.09128679,2675.99836637,0.18145217
ㅇㅢ,의,ㅇ,ㅢ,clean,detailed_voicebank\03_all_399_clean_female\ㅇ\의.wav,0.3929932,0.85995483,0.32502647,8.4511381,0.10490479,3033.28720652,0.24273373
ㅇㅢ,의,ㅇ,ㅢ,soft,detailed_voicebank\04_all_399_soft_female\ㅇ\의.wav,0.3929932,0.85648705,0.37270258,7.22716818,0.10398153,3130.38592716,0.25464196
ㅇㅣ,이,ㅇ,ㅣ,clean,detailed_voicebank\03_all_399_clean_female\ㅇ\이.wav,0.3929932,0.85995483,0.38852422,6.90115089,0.10721293,3297.54065328,0.32677878
ㅇㅣ,이,ㅇ,ㅣ,soft,detailed_voicebank\04_all_399_soft_female\ㅇ\이.wav,0.3929932,0.86559489,0.43399084,5.99668242,0.10490479,3486.800064,0.34224414
ㅈㅏ,자,ㅈ,ㅏ,clean,detailed_voicebank\03_all_399_clean_female\ㅈ\자.wav,0.43498866,0.85995483,0.28741044,9.51946196,0.12073819,2741.09478842,0.17006007
ㅈㅏ,자,ㅈ,ㅏ,soft,detailed_voicebank\04_all_399_soft_female\ㅈ\자.wav,0.43498866,0.86415757,0.33553934,8.21698994,0.12386612,2709.65729039,0.16978899
ㅈㅐ,재,ㅈ,ㅐ,clean,detailed_voicebank\03_all_399_clean_female\ㅈ\재.wav,0.43498866,0.85995483,0.27154277,10.01274796,0.13199875,3054.31973032,0.22390773
ㅈㅐ,재,ㅈ,ㅐ,soft,detailed_voicebank\04_all_399_soft_female\ㅈ\재.wav,0.43498866,0.86424222,0.31791764,8.68641714,0.13460536,3043.44384886,0.22154962
ㅈㅑ,쟈,ㅈ,ㅑ,clean,detailed_voicebank\03_all_399_clean_female\ㅈ\쟈.wav,0.43498866,0.85995483,0.20425191,12.48619033,0.12219789,3041.4436417,0.25706816
ㅈㅑ,쟈,ㅈ,ㅑ,soft,detailed_voicebank\04_all_399_soft_female\ㅈ\쟈.wav,0.43498866,0.86040104,0.24427225,10.93653576,0.12589928,3052.18622979,0.25681023
ㅈㅒ,쟤,ㅈ,ㅒ,clean,detailed_voicebank\03_all_399_clean_female\ㅈ\쟤.wav,0.43498866,0.85995483,0.23968371,11.09674244,0.11761026,3082.76261858,0.27836361
ㅈㅒ,쟤,ㅈ,ㅒ,soft,detailed_voicebank\04_all_399_soft_female\ㅈ\쟤.wav,0.43498866,0.86045653,0.2801735,9.74603769,0.11969555,3149.21366315,0.28403886
ㅈㅓ,저,ㅈ,ㅓ,clean,detailed_voicebank\03_all_399_clean_female\ㅈ\저.wav,0.43498866,0.85995483,0.24320796,10.96995714,0.10176207,2727.43131796,0.17006488
ㅈㅓ,저,ㅈ,ㅓ,soft,detailed_voicebank\04_all_399_soft_female\ㅈ\저.wav,0.43498866,0.8631521,0.28729675,9.55513241,0.10561985,2711.86309705,0.16792727
ㅈㅔ,제,ㅈ,ㅔ,clean,detailed_voicebank\03_all_399_clean_female\ㅈ\제.wav,0.43498866,0.85995483,0.23561382,11.24549777,0.1388802,3108.71985203,0.24556695
ㅈㅔ,제,ㅈ,ㅔ,soft,detailed_voicebank\04_all_399_soft_female\ㅈ\제.wav,0.43498866,0.86069825,0.27857662,9.79812505,0.14305078,3114.7665725,0.2435428
ㅈㅕ,져,ㅈ,ㅕ,clean,detailed_voicebank\03_all_399_clean_female\ㅈ\져.wav,0.43498866,0.85995483,0.23453466,11.28537216,0.10697529,3022.03307628,0.27621759
ㅈㅕ,져,ㅈ,ㅕ,soft,detailed_voicebank\04_all_399_soft_female\ㅈ\져.wav,0.43498866,0.86205441,0.27807263,9.82752854,0.11015535,3041.67075682,0.27301828
ㅈㅖ,졔,ㅈ,ㅖ,clean,detailed_voicebank\03_all_399_clean_female\ㅈ\졔.wav,0.43498866,0.85995483,0.28700006,9.53187294,0.11656762,3158.12882849,0.30123727
ㅈㅖ,졔,ㅈ,ㅖ,soft,detailed_voicebank\04_all_399_soft_female\ㅈ\졔.wav,0.43498866,0.86279494,0.33342132,8.25828458,0.1189657,3181.31945828,0.30128039
ㅈㅗ,조,ㅈ,ㅗ,clean,detailed_voicebank\03_all_399_clean_female\ㅈ\조.wav,0.43498866,0.85995483,0.27871658,9.78625684,0.08747784,2480.90878099,0.14034522
ㅈㅗ,조,ㅈ,ㅗ,soft,detailed_voicebank\04_all_399_soft_female\ㅈ\조.wav,0.43498866,0.86238343,0.32644699,8.43775463,0.09071004,2449.79812577,0.14085999
ㅈㅘ,좌,ㅈ,ㅘ,clean,detailed_voicebank\03_all_399_clean_female\ㅈ\좌.wav,0.43498866,0.85995483,0.27491541,9.90553104,0.09018872,2298.48568183,0.12137619
ㅈㅘ,좌,ㅈ,ㅘ,soft,detailed_voicebank\04_all_399_soft_female\ㅈ\좌.wav,0.43498866,0.86503882,0.32086662,8.6142212,0.09362944,2293.00554039,0.12590679
ㅈㅙ,좨,ㅈ,ㅙ,clean,detailed_voicebank\03_all_399_clean_female\ㅈ\좨.wav,0.43498866,0.85995483,0.27542393,9.88947928,0.10989469,2422.22048441,0.14382107
ㅈㅙ,좨,ㅈ,ㅙ,soft,detailed_voicebank\04_all_399_soft_female\ㅈ\좨.wav,0.43498866,0.86594639,0.31956419,8.65865794,0.11177145,2432.61947792,0.14681705
ㅈㅚ,죄,ㅈ,ㅚ,clean,detailed_voicebank\03_all_399_clean_female\ㅈ\죄.wav,0.43498866,0.85995483,0.26987566,10.06623842,0.11406527,2392.88148135,0.15676842
ㅈㅚ,죄,ㅈ,ㅚ,soft,detailed_voicebank\04_all_399_soft_female\ㅈ\죄.wav,0.43498866,0.86268553,0.3112906,8.85373021,0.11755813,2382.6780838,0.15473542
ㅈㅛ,죠,ㅈ,ㅛ,clean,detailed_voicebank\03_all_399_clean_female\ㅈ\죠.wav,0.43498866,0.85995483,0.23688527,11.1987517,0.11500365,3081.29767949,0.24684165
ㅈㅛ,죠,ㅈ,ㅛ,soft,detailed_voicebank\04_all_399_soft_female\ㅈ\죠.wav,0.43498866,0.85725455,0.28144448,9.67434123,0.11912209,3080.8239952,0.2447717
ㅈㅜ,주,ㅈ,ㅜ,clean,detailed_voicebank\03_all_399_clean_female\ㅈ\주.wav,0.43498866,0.85995483,0.30502966,9.00267149,0.07767699,2104.47523194,0.10928076
ㅈㅜ,주,ㅈ,ㅜ,soft,detailed_voicebank\04_all_399_soft_female\ㅈ\주.wav,0.43498866,0.86262543,0.35455748,7.72271216,0.08137838,2072.05961081,0.10826845
ㅈㅝ,줘,ㅈ,ㅝ,clean,detailed_voicebank\03_all_399_clean_female\ㅈ\줘.wav,0.43498866,0.85995483,0.2208687,11.80682943,0.08925034,2239.08424394,0.11048833
ㅈㅝ,줘,ㅈ,ㅝ,soft,detailed_voicebank\04_all_399_soft_female\ㅈ\줘.wav,0.43498866,0.86257038,0.26245124,10.3349183,0.09185695,2194.31393539,0.10826006
ㅈㅞ,줴,ㅈ,ㅞ,clean,detailed_voicebank\03_all_399_clean_female\ㅈ\줴.wav,0.43498866,0.85995483,0.28216198,9.67954296,0.08737358,2509.97008117,0.16314424
ㅈㅞ,줴,ㅈ,ㅞ,soft,detailed_voicebank\04_all_399_soft_female\ㅈ\줴.wav,0.43498866,0.86288684,0.33121119,8.31697676,0.09149202,2498.96457735,0.1594055
ㅈㅟ,쥐,ㅈ,ㅟ,clean,detailed_voicebank\03_all_399_clean_female\ㅈ\쥐.wav,0.43498866,0.85995483,0.24158743,11.02802601,0.09508915,2283.03667479,0.15007012
ㅈㅟ,쥐,ㅈ,ㅟ,soft,detailed_voicebank\04_all_399_soft_female\ㅈ\쥐.wav,0.43498866,0.86232003,0.28729015,9.54695458,0.09795642,2249.54257961,0.14880433
ㅈㅠ,쥬,ㅈ,ㅠ,clean,detailed_voicebank\03_all_399_clean_female\ㅈ\쥬.wav,0.43498866,0.85995483,0.22568644,11.61940367,0.08779064,2922.0892028,0.26244484
ㅈㅠ,쥬,ㅈ,ㅠ,soft,detailed_voicebank\04_all_399_soft_female\ㅈ\쥬.wav,0.43498866,0.86207084,0.26828488,10.13893505,0.09164842,2896.33887654,0.25482487
ㅈㅡ,즈,ㅈ,ㅡ,clean,detailed_voicebank\03_all_399_clean_female\ㅈ\즈.wav,0.43498866,0.85995483,0.32994551,8.32066835,0.10624544,2806.96826216,0.19975258
ㅈㅡ,즈,ㅈ,ㅡ,soft,detailed_voicebank\04_all_399_soft_female\ㅈ\즈.wav,0.43498866,0.86280759,0.37251358,7.29543683,0.11067668,2900.52977005,0.21924085
ㅈㅢ,즤,ㅈ,ㅢ,clean,detailed_voicebank\03_all_399_clean_female\ㅈ\즤.wav,0.43498866,0.85995483,0.27438243,9.92238688,0.12824523,2829.15896747,0.21560812
ㅈㅢ,즤,ㅈ,ㅢ,soft,detailed_voicebank\04_all_399_soft_female\ㅈ\즤.wav,0.43498866,0.86458776,0.31804846,8.68631555,0.1298092,2788.50665773,0.2057534
ㅈㅣ,지,ㅈ,ㅣ,clean,detailed_voicebank\03_all_399_clean_female\ㅈ\지.wav,0.43498866,0.85995483,0.30280175,9.06634534,0.12522156,3279.15843278,0.31988619
ㅈㅣ,지,ㅈ,ㅣ,soft,detailed_voicebank\04_all_399_soft_female\ㅈ\지.wav,0.43498866,0.86634967,0.34815131,7.91850349,0.12876655,3304.15873752,0.31824019
ㅉㅏ,짜,ㅉ,ㅏ,clean,detailed_voicebank\03_all_399_clean_female\ㅉ\짜.wav,0.43798186,0.85995483,0.20466352,12.46870415,0.12084498,2735.98682775,0.17572815
ㅉㅏ,짜,ㅉ,ㅏ,soft,detailed_voicebank\04_all_399_soft_female\ㅉ\짜.wav,0.43798186,0.86279404,0.24333077,10.99420205,0.12431397,2701.08054758,0.17161501
ㅉㅐ,째,ㅉ,ㅐ,clean,detailed_voicebank\03_all_399_clean_female\ㅉ\째.wav,0.43798186,0.85995483,0.2515035,10.67863218,0.11597805,2994.21146086,0.23536198
ㅉㅐ,째,ㅉ,ㅐ,soft,detailed_voicebank\04_all_399_soft_female\ㅉ\째.wav,0.43798186,0.86317733,0.29880692,9.21418758,0.11949881,2996.23222907,0.23697341
ㅉㅑ,쨔,ㅉ,ㅑ,clean,detailed_voicebank\03_all_399_clean_female\ㅉ\쨔.wav,0.43798186,0.85995483,0.25038853,10.71722434,0.12695454,2975.96664543,0.25948192
ㅉㅑ,쨔,ㅉ,ㅑ,soft,detailed_voicebank\04_all_399_soft_female\ㅉ\쨔.wav,0.43798186,0.85851099,0.29455614,9.29155553,0.12918091,3013.32774442,0.25826878
ㅉㅒ,쨰,ㅉ,ㅒ,clean,detailed_voicebank\03_all_399_clean_female\ㅉ\쨰.wav,0.43798186,0.85995483,0.24077049,11.05744762,0.1386559,3022.30482067,0.26531429
ㅉㅒ,쨰,ㅉ,ㅒ,soft,detailed_voicebank\04_all_399_soft_female\ㅉ\쨰.wav,0.43798186,0.86176622,0.28458662,9.62349965,0.14134824,3045.17324505,0.26724949
ㅉㅓ,쩌,ㅉ,ㅓ,clean,detailed_voicebank\03_all_399_clean_female\ㅉ\쩌.wav,0.43798186,0.85995483,0.2697016,10.07184243,0.09640675,2639.26199456,0.14722052
ㅉㅓ,쩌,ㅉ,ㅓ,soft,detailed_voicebank\04_all_399_soft_female\ㅉ\쩌.wav,0.43798186,0.8625858,0.32045226,8.60077931,0.10034172,2591.1687898,0.14077153
ㅉㅔ,쩨,ㅉ,ㅔ,clean,detailed_voicebank\03_all_399_clean_female\ㅉ\쩨.wav,0.43798186,0.85995483,0.21239243,12.14673215,0.11131821,3251.27618837,0.3010304
ㅉㅔ,쩨,ㅉ,ㅔ,soft,detailed_voicebank\04_all_399_soft_female\ㅉ\쩨.wav,0.43798186,0.86465455,0.2529334,10.67672913,0.11546029,3267.05916996,0.29955706
ㅉㅕ,쪄,ㅉ,ㅕ,clean,detailed_voicebank\03_all_399_clean_female\ㅉ\쪄.wav,0.43798186,0.85995483,0.25258215,10.64145969,0.12912913,3119.40938766,0.27514083
ㅉㅕ,쪄,ㅉ,ㅕ,soft,detailed_voicebank\04_all_399_soft_female\ㅉ\쪄.wav,0.43798186,0.85589027,0.29654503,9.20654889,0.13249456,3163.88238355,0.27574306
ㅉㅖ,쪠,ㅉ,ㅖ,clean,detailed_voicebank\03_all_399_clean_female\ㅉ\쪠.wav,0.43798186,0.85995483,0.21413466,12.0757736,0.12415864,3019.51554211,0.26539707
ㅉㅖ,쪠,ㅉ,ㅖ,soft,detailed_voicebank\04_all_399_soft_female\ㅉ\쪠.wav,0.43798186,0.86243075,0.25551176,10.56626674,0.12716164,3018.41830485,0.26059225
ㅉㅗ,쪼,ㅉ,ㅗ,clean,detailed_voicebank\03_all_399_clean_female\ㅉ\쪼.wav,0.43798186,0.85995483,0.26760212,10.13972174,0.09588899,2329.36206131,0.1310098
ㅉㅗ,쪼,ㅉ,ㅗ,soft,detailed_voicebank\04_all_399_soft_female\ㅉ\쪼.wav,0.43798186,0.86235785,0.31104213,8.85736597,0.10013462,2255.6436146,0.12177524
ㅉㅘ,쫘,ㅉ,ㅘ,clean,detailed_voicebank\03_all_399_clean_female\ㅉ\쫘.wav,0.43798186,0.85995483,0.2560752,10.52216252,0.12301957,2312.10105072,0.12691599
ㅉㅘ,쫘,ㅉ,ㅘ,soft,detailed_voicebank\04_all_399_soft_female\ㅉ\쫘.wav,0.43798186,0.86303815,0.28925571,9.49496108,0.12607435,2325.37848703,0.13136799
ㅉㅙ,쫴,ㅉ,ㅙ,clean,detailed_voicebank\03_all_399_clean_female\ㅉ\쫴.wav,0.43798186,0.85995483,0.20404513,12.49498821,0.10241276,2492.89200807,0.15520763
ㅉㅙ,쫴,ㅉ,ㅙ,soft,detailed_voicebank\04_all_399_soft_female\ㅉ\쫴.wav,0.43798186,0.86325508,0.24450509,10.95702462,0.10582997,2441.24708631,0.14813111
ㅉㅚ,쬐,ㅉ,ㅚ,clean,detailed_voicebank\03_all_399_clean_female\ㅉ\쬐.wav,0.43798186,0.85995483,0.20528752,12.44226199,0.10893652,2445.82704537,0.16142415
ㅉㅚ,쬐,ㅉ,ㅚ,soft,detailed_voicebank\04_all_399_soft_female\ㅉ\쬐.wav,0.43798186,0.8635369,0.24513683,10.93744679,0.11235373,2388.18065149,0.15337303
ㅉㅛ,쬬,ㅉ,ㅛ,clean,detailed_voicebank\03_all_399_clean_female\ㅉ\쬬.wav,0.43798186,0.85995483,0.24672676,10.84518759,0.10127369,3074.77090109,0.28083641
ㅉㅛ,쬬,ㅉ,ㅛ,soft,detailed_voicebank\04_all_399_soft_female\ㅉ\쬬.wav,0.43798186,0.85789057,0.29318663,9.32575456,0.10365538,3086.1485641,0.27938027
ㅉㅜ,쭈,ㅉ,ㅜ,clean,detailed_voicebank\03_all_399_clean_female\ㅉ\쭈.wav,0.43798186,0.85995483,0.2834302,9.64059052,0.08253081,2343.60584704,0.11871913
ㅉㅜ,쭈,ㅉ,ㅜ,soft,detailed_voicebank\04_all_399_soft_female\ㅉ\쭈.wav,0.43798186,0.86248093,0.32690898,8.42645286,0.08506783,2306.44792268,0.11534534
ㅉㅝ,쭤,ㅉ,ㅝ,clean,detailed_voicebank\03_all_399_clean_female\ㅉ\쭤.wav,0.43798186,0.85995483,0.27734883,9.82898618,0.10738325,2309.84354249,0.11855162
ㅉㅝ,쭤,ㅉ,ㅝ,soft,detailed_voicebank\04_all_399_soft_female\ㅉ\쭤.wav,0.43798186,0.86190696,0.32312475,8.52180324,0.11111111,2298.23032945,0.11706365
ㅉㅞ,쮀,ㅉ,ㅞ,clean,detailed_voicebank\03_all_399_clean_female\ㅉ\쮀.wav,0.43798186,0.85995483,0.21407274,12.07828539,0.1102827,2343.87427888,0.14178324
ㅉㅞ,쮀,ㅉ,ㅞ,soft,detailed_voicebank\04_all_399_soft_female\ㅉ\쮀.wav,0.43798186,0.86445613,0.25518358,10.59780458,0.11344103,2314.58555278,0.13958706
ㅉㅟ,쮜,ㅉ,ㅟ,clean,detailed_voicebank\03_all_399_clean_female\ㅉ\쮜.wav,0.43798186,0.85995483,0.23757819,11.17338131,0.09495703,2389.4182901,0.15277387
ㅉㅟ,쮜,ㅉ,ㅟ,soft,detailed_voicebank\04_all_399_soft_female\ㅉ\쮜.wav,0.43798186,0.86630328,0.28369471,9.69637455,0.09837424,2345.9861138,0.14690963
ㅉㅠ,쮸,ㅉ,ㅠ,clean,detailed_voicebank\03_all_399_clean_female\ㅉ\쮸.wav,0.43798186,0.85995483,0.27298238,9.96682053,0.12602257,3027.80012805,0.25730859
ㅉㅠ,쮸,ㅉ,ㅠ,soft,detailed_voicebank\04_all_399_soft_female\ㅉ\쮸.wav,0.43798186,0.86328309,0.31690657,8.70443992,0.12804183,3083.91017927,0.25953414
ㅉㅡ,쯔,ㅉ,ㅡ,clean,detailed_voicebank\03_all_399_clean_female\ㅉ\쯔.wav,0.43798186,0.85995483,0.26121258,10.34963105,0.11007559,2652.53173876,0.18084749
ㅉㅡ,쯔,ㅉ,ㅡ,soft,detailed_voicebank\04_all_399_soft_female\ㅉ\쯔.wav,0.43798186,0.8625266,0.30722776,8.9662407,0.11225018,2614.94746033,0.17846798
ㅉㅢ,쯰,ㅉ,ㅢ,clean,detailed_voicebank\03_all_399_clean_female\ㅉ\쯰.wav,0.43798186,0.85995483,0.27237571,9.98614535,0.10738325,2830.1173711,0.20945001
ㅉㅢ,쯰,ㅉ,ㅢ,soft,detailed_voicebank\04_all_399_soft_female\ㅉ\쯰.wav,0.43798186,0.86082548,0.31661557,8.68765681,0.11017914,2862.79673717,0.21501261
ㅉㅣ,찌,ㅉ,ㅣ,clean,detailed_voicebank\03_all_399_clean_female\ㅉ\찌.wav,0.43798186,0.85995483,0.25880732,10.42998186,0.1442477,3067.51358761,0.26738312
ㅉㅣ,찌,ㅉ,ㅣ,soft,detailed_voicebank\04_all_399_soft_female\ㅉ\찌.wav,0.43798186,0.86306271,0.29823554,9.22965915,0.14590453,3097.48723082,0.26609363
ㅊㅏ,차,ㅊ,ㅏ,clean,detailed_voicebank\03_all_399_clean_female\ㅊ\차.wav,0.46,0.85995483,0.21227891,12.15137577,0.12393394,2623.17359134,0.17185932
ㅊㅏ,차,ㅊ,ㅏ,soft,detailed_voicebank\04_all_399_soft_female\ㅊ\차.wav,0.46,0.86320496,0.25494347,10.59340075,0.12703968,2594.31640019,0.16899932
ㅊㅐ,채,ㅊ,ㅐ,clean,detailed_voicebank\03_all_399_clean_female\ㅊ\채.wav,0.46,0.85995483,0.23306378,11.34001698,0.13931476,2990.74293823,0.24733457
ㅊㅐ,채,ㅊ,ㅐ,soft,detailed_voicebank\04_all_399_soft_female\ㅊ\채.wav,0.46,0.86441724,0.27558096,9.92948415,0.1425684,2979.86756687,0.24669674
ㅊㅑ,챠,ㅊ,ㅑ,clean,detailed_voicebank\03_all_399_clean_female\ㅊ\챠.wav,0.46,0.85995483,0.18153567,13.51027341,0.14404733,3083.21790792,0.2662823
ㅊㅑ,챠,ㅊ,ㅑ,soft,detailed_voicebank\04_all_399_soft_female\ㅊ\챠.wav,0.46,0.85732853,0.21784639,11.89993824,0.14764604,3075.70081621,0.26023565
ㅊㅒ,챼,ㅊ,ㅒ,clean,detailed_voicebank\03_all_399_clean_female\ㅊ\챼.wav,0.46,0.85995483,0.20194803,12.58472056,0.14493468,3048.66678152,0.26163688
ㅊㅒ,챼,ㅊ,ㅒ,soft,detailed_voicebank\04_all_399_soft_female\ㅊ\챼.wav,0.46,0.86552315,0.24135212,11.0925516,0.14690658,3014.77464608,0.25675575
ㅊㅓ,처,ㅊ,ㅓ,clean,detailed_voicebank\03_all_399_clean_female\ㅊ\처.wav,0.46,0.85995483,0.21816592,11.91377482,0.12403254,2697.35403002,0.14660227
ㅊㅓ,처,ㅊ,ㅓ,soft,detailed_voicebank\04_all_399_soft_female\ㅊ\처.wav,0.46,0.86214419,0.25568931,10.5573466,0.12768055,2672.88129103,0.14767384
ㅊㅔ,체,ㅊ,ㅔ,clean,detailed_voicebank\03_all_399_clean_female\ㅊ\체.wav,0.46,0.85995483,0.24095378,11.05083809,0.14493468,3193.19367031,0.25082145
ㅊㅔ,체,ㅊ,ㅔ,soft,detailed_voicebank\04_all_399_soft_female\ㅊ\체.wav,0.46,0.8648963,0.28347349,9.68903192,0.14902637,3172.871815,0.24395736
ㅊㅕ,쳐,ㅊ,ㅕ,clean,detailed_voicebank\03_all_399_clean_female\ㅊ\쳐.wav,0.46,0.85995483,0.24517853,10.89986406,0.12689179,2939.25550078,0.22754285
ㅊㅕ,쳐,ㅊ,ㅕ,soft,detailed_voicebank\04_all_399_soft_female\ㅊ\쳐.wav,0.46,0.8602637,0.28884103,9.47945426,0.12960316,2953.5054473,0.22531227
ㅊㅖ,쳬,ㅊ,ㅖ,clean,detailed_voicebank\03_all_399_clean_female\ㅊ\쳬.wav,0.46,0.85995483,0.18605791,13.29655011,0.16327335,3331.3474677,0.31380749
ㅊㅖ,쳬,ㅊ,ㅖ,soft,detailed_voicebank\04_all_399_soft_female\ㅊ\쳬.wav,0.46,0.86079684,0.22232197,11.75836584,0.16455509,3309.5290695,0.307503
ㅊㅗ,초,ㅊ,ㅗ,clean,detailed_voicebank\03_all_399_clean_female\ㅊ\초.wav,0.46,0.85995483,0.23060256,11.43223028,0.1030318,2293.42165266,0.12022248
ㅊㅗ,초,ㅊ,ㅗ,soft,detailed_voicebank\04_all_399_soft_female\ㅊ\초.wav,0.46,0.86288882,0.27250562,10.01158747,0.10544737,2225.99291846,0.1144506
ㅊㅘ,촤,ㅊ,ㅘ,clean,detailed_voicebank\03_all_399_clean_female\ㅊ\촤.wav,0.46,0.85995483,0.21710704,11.95603466,0.11032783,2245.90649545,0.12792126
ㅊㅘ,촤,ㅊ,ㅘ,soft,detailed_voicebank\04_all_399_soft_female\ㅊ\촤.wav,0.46,0.86408134,0.25802746,10.49777404,0.11377865,2198.1731893,0.12250807
ㅊㅙ,쵀,ㅊ,ㅙ,clean,detailed_voicebank\03_all_399_clean_female\ㅊ\쵀.wav,0.46,0.85995483,0.23326262,11.33260973,0.12018733,2428.80467357,0.1507907
ㅊㅙ,쵀,ㅊ,ㅙ,soft,detailed_voicebank\04_all_399_soft_female\ㅊ\쵀.wav,0.46,0.86468049,0.27572317,9.92764784,0.12344097,2405.92346105,0.14841571
ㅊㅚ,최,ㅊ,ㅚ,clean,detailed_voicebank\03_all_399_clean_female\ㅊ\최.wav,0.46,0.85995483,0.27432921,9.92407169,0.13606113,2637.59800072,0.18005532
ㅊㅚ,최,ㅊ,ㅚ,soft,detailed_voicebank\04_all_399_soft_female\ㅊ\최.wav,0.46,0.86485495,0.31857285,8.67469021,0.13892038,2619.16112569,0.17553075
ㅊㅛ,쵸,ㅊ,ㅛ,clean,detailed_voicebank\03_all_399_clean_female\ㅊ\쵸.wav,0.46,0.85995483,0.22130756,11.78958794,0.12225783,3090.51929005,0.2947197
ㅊㅛ,쵸,ㅊ,ㅛ,soft,detailed_voicebank\04_all_399_soft_female\ㅊ\쵸.wav,0.46,0.86086691,0.25970165,10.40922621,0.12496919,3086.29668281,0.29135034
ㅊㅜ,추,ㅊ,ㅜ,clean,detailed_voicebank\03_all_399_clean_female\ㅊ\추.wav,0.46,0.85995483,0.24917589,10.7593924,0.10707419,2200.30784347,0.11487872
ㅊㅜ,추,ㅊ,ㅜ,soft,detailed_voicebank\04_all_399_soft_female\ㅊ\추.wav,0.46,0.86711372,0.2953666,9.35429356,0.11072221,2137.70218604,0.1074819
ㅊㅝ,춰,ㅊ,ㅝ,clean,detailed_voicebank\03_all_399_clean_female\ㅊ\춰.wav,0.46,0.85995483,0.22206413,11.75994465,0.10766576,2153.63640597,0.10946924
ㅊㅝ,춰,ㅊ,ㅝ,soft,detailed_voicebank\04_all_399_soft_female\ㅊ\춰.wav,0.46,0.86435306,0.26523962,10.26105551,0.11116589,2089.38343969,0.10041028
ㅊㅞ,췌,ㅊ,ㅞ,clean,detailed_voicebank\03_all_399_clean_female\ㅊ\췌.wav,0.46,0.85995483,0.23272543,11.35263604,0.10520089,2388.04777072,0.13520053
ㅊㅞ,췌,ㅊ,ㅞ,soft,detailed_voicebank\04_all_399_soft_female\ㅊ\췌.wav,0.46,0.8642531,0.27740343,9.8705824,0.10815874,2367.67118109,0.13280824
ㅊㅟ,취,ㅊ,ㅟ,clean,detailed_voicebank\03_all_399_clean_female\ㅊ\취.wav,0.46,0.85995483,0.26590153,10.19509617,0.11920138,2321.82678419,0.14401636
ㅊㅟ,취,ㅊ,ㅟ,soft,detailed_voicebank\04_all_399_soft_female\ㅊ\취.wav,0.46,0.86455985,0.30933323,8.92736968,0.1208775,2288.29771756,0.14094773
ㅊㅠ,츄,ㅊ,ㅠ,clean,detailed_voicebank\03_all_399_clean_female\ㅊ\츄.wav,0.46,0.85995483,0.24378106,10.9495136,0.12797634,2984.31969679,0.26928101
ㅊㅠ,츄,ㅊ,ㅠ,soft,detailed_voicebank\04_all_399_soft_female\ㅊ\츄.wav,0.46,0.85824079,0.2866494,9.52516214,0.13049051,2961.85083299,0.26353944
ㅊㅡ,츠,ㅊ,ㅡ,clean,detailed_voicebank\03_all_399_clean_female\ㅊ\츠.wav,0.46,0.85995483,0.22693273,11.57157011,0.11841262,2847.17622468,0.20977507
ㅊㅡ,츠,ㅊ,ㅡ,soft,detailed_voicebank\04_all_399_soft_female\ㅊ\츠.wav,0.46,0.86234159,0.27018601,10.08032937,0.12171555,2820.27719469,0.20391501
ㅊㅢ,츼,ㅊ,ㅢ,clean,detailed_voicebank\03_all_399_clean_female\ㅊ\츼.wav,0.46,0.85995483,0.26762839,10.13886923,0.11920138,2803.2286868,0.21128269
ㅊㅢ,츼,ㅊ,ㅢ,soft,detailed_voicebank\04_all_399_soft_female\ㅊ\츼.wav,0.46,0.86480109,0.31393464,8.80153976,0.1208775,2771.64737941,0.20608157
ㅊㅣ,치,ㅊ,ㅣ,clean,detailed_voicebank\03_all_399_clean_female\ㅊ\치.wav,0.46,0.85995483,0.2795454,9.76046575,0.13586394,3048.21794528,0.27890779
ㅊㅣ,치,ㅊ,ㅣ,soft,detailed_voicebank\04_all_399_soft_female\ㅊ\치.wav,0.46,0.85950712,0.32572937,8.42785107,0.13847671,3087.27897182,0.28195349
ㅋㅏ,카,ㅋ,ㅏ,clean,detailed_voicebank\03_all_399_clean_female\ㅋ\카.wav,0.41798186,0.85995483,0.25221821,10.65398404,0.10590278,2686.73793252,0.16565264
ㅋㅏ,카,ㅋ,ㅏ,soft,detailed_voicebank\04_all_399_soft_female\ㅋ\카.wav,0.41798186,0.86241131,0.29645553,9.27509778,0.11035156,2682.84790645,0.16631401
ㅋㅐ,캐,ㅋ,ㅐ,clean,detailed_voicebank\03_all_399_clean_female\ㅋ\캐.wav,0.41798186,0.85995483,0.27237918,9.98603466,0.09917535,2945.27796102,0.23465438
ㅋㅐ,캐,ㅋ,ㅐ,soft,detailed_voicebank\04_all_399_soft_female\ㅋ\캐.wav,0.41798186,0.86371749,0.31958476,8.63571296,0.10595703,2931.73171087,0.23806281
ㅋㅑ,캬,ㅋ,ㅑ,clean,detailed_voicebank\03_all_399_clean_female\ㅋ\캬.wav,0.41798186,0.85995483,0.28080105,9.72153826,0.10112847,3004.90979038,0.25256463
ㅋㅑ,캬,ㅋ,ㅑ,soft,detailed_voicebank\04_all_399_soft_female\ㅋ\캬.wav,0.41798186,0.8589193,0.32860607,8.3455357,0.10715061,3069.90702779,0.25501004
ㅋㅒ,컈,ㅋ,ㅒ,clean,detailed_voicebank\03_all_399_clean_female\ㅋ\컈.wav,0.41798186,0.85995483,0.23025465,11.44534456,0.11328125,2970.4265067,0.27220855
ㅋㅒ,컈,ㅋ,ㅒ,soft,detailed_voicebank\04_all_399_soft_female\ㅋ\컈.wav,0.41798186,0.85872246,0.27163183,9.9974433,0.11914062,2993.39064163,0.27188857
ㅋㅓ,커,ㅋ,ㅓ,clean,detailed_voicebank\03_all_399_clean_female\ㅋ\커.wav,0.41798186,0.85995483,0.26523342,10.21694795,0.11393229,2511.79524676,0.13333222
ㅋㅓ,커,ㅋ,ㅓ,soft,detailed_voicebank\04_all_399_soft_female\ㅋ\커.wav,0.41798186,0.85976283,0.30761849,8.92732462,0.12044271,2495.20880616,0.1353571
ㅋㅔ,케,ㅋ,ㅔ,clean,detailed_voicebank\03_all_399_clean_female\ㅋ\케.wav,0.41798186,0.85995483,0.25456374,10.57358206,0.1296658,3265.85619004,0.28124367
ㅋㅔ,케,ㅋ,ㅔ,soft,detailed_voicebank\04_all_399_soft_female\ㅋ\케.wav,0.41798186,0.86058695,0.30057422,9.13686063,0.13465712,3264.69866451,0.27704568
ㅋㅕ,켜,ㅋ,ㅕ,clean,detailed_voicebank\03_all_399_clean_female\ㅋ\켜.wav,0.41798186,0.85995483,0.2324099,11.36442034,0.11414931,3032.41182878,0.25749897
ㅋㅕ,켜,ㅋ,ㅕ,soft,detailed_voicebank\04_all_399_soft_female\ㅋ\켜.wav,0.41798186,0.86494483,0.27288986,10.02002029,0.12076823,3053.79559462,0.2558839
ㅋㅖ,켸,ㅋ,ㅖ,clean,detailed_voicebank\03_all_399_clean_female\ㅋ\켸.wav,0.41798186,0.85995483,0.27266723,9.97685387,0.12011719,3211.31757622,0.2800826
ㅋㅖ,켸,ㅋ,ㅖ,soft,detailed_voicebank\04_all_399_soft_female\ㅋ\켸.wav,0.41798186,0.86089203,0.31831386,8.64186294,0.12646484,3255.95993759,0.28087361
ㅋㅗ,코,ㅋ,ㅗ,clean,detailed_voicebank\03_all_399_clean_female\ㅋ\코.wav,0.41798186,0.85995483,0.28903179,9.47060061,0.09657118,2466.22122559,0.14386627
ㅋㅗ,코,ㅋ,ㅗ,soft,detailed_voicebank\04_all_399_soft_female\ㅋ\코.wav,0.41798186,0.86339857,0.33275302,8.28178639,0.10340712,2416.1495368,0.13894043
ㅋㅘ,콰,ㅋ,ㅘ,clean,detailed_voicebank\03_all_399_clean_female\ㅋ\콰.wav,0.41798186,0.85995483,0.24339902,10.96313632,0.10015191,2312.8638808,0.12680496
ㅋㅘ,콰,ㅋ,ㅘ,soft,detailed_voicebank\04_all_399_soft_female\ㅋ\콰.wav,0.41798186,0.86536021,0.28593091,9.61871614,0.1062283,2282.89511759,0.12467419
ㅋㅙ,쾌,ㅋ,ㅙ,clean,detailed_voicebank\03_all_399_clean_female\ㅋ\쾌.wav,0.41798186,0.85995483,0.23379138,11.31294307,0.10134549,2361.95512756,0.14022624
ㅋㅙ,쾌,ㅋ,ㅙ,soft,detailed_voicebank\04_all_399_soft_female\ㅋ\쾌.wav,0.41798186,0.86270041,0.27629484,9.88974447,0.10687934,2351.03481372,0.14195848
ㅋㅚ,쾨,ㅋ,ㅚ,clean,detailed_voicebank\03_all_399_clean_female\ㅋ\쾨.wav,0.41798186,0.85995483,0.27391548,9.93718146,0.10579427,2480.44552486,0.16084217
ㅋㅚ,쾨,ㅋ,ㅚ,soft,detailed_voicebank\04_all_399_soft_female\ㅋ\쾨.wav,0.41798186,0.8606438,0.3146156,8.74086394,0.11246745,2505.8355104,0.16378582
ㅋㅛ,쿄,ㅋ,ㅛ,clean,detailed_voicebank\03_all_399_clean_female\ㅋ\쿄.wav,0.41798186,0.85995483,0.24496451,10.90744951,0.0921224,2915.65028555,0.24281791
ㅋㅛ,쿄,ㅋ,ㅛ,soft,detailed_voicebank\04_all_399_soft_female\ㅋ\쿄.wav,0.41798186,0.86249598,0.28997819,9.46783502,0.09809028,2890.82468001,0.23852598
ㅋㅜ,쿠,ㅋ,ㅜ,clean,detailed_voicebank\03_all_399_clean_female\ㅋ\쿠.wav,0.41798186,0.85995483,0.2383781,11.14418587,0.0686849,2158.57717541,0.10605405
ㅋㅜ,쿠,ㅋ,ㅜ,soft,detailed_voicebank\04_all_399_soft_female\ㅋ\쿠.wav,0.41798186,0.86172306,0.28192883,9.70456462,0.07351345,2104.82963203,0.10068834
ㅋㅝ,쿼,ㅋ,ㅝ,clean,detailed_voicebank\03_all_399_clean_female\ㅋ\쿼.wav,0.41798186,0.85995483,0.19473942,12.90043543,0.09157986,2229.69362584,0.1160462
ㅋㅝ,쿼,ㅋ,ㅝ,soft,detailed_voicebank\04_all_399_soft_female\ㅋ\쿼.wav,0.41798186,0.86280575,0.23323161,11.36251236,0.09673394,2182.071856,0.11230431
ㅋㅞ,퀘,ㅋ,ㅞ,clean,detailed_voicebank\03_all_399_clean_female\ㅋ\퀘.wav,0.41798186,0.85995483,0.28585506,9.56659525,0.08203125,2398.05167608,0.15615955
ㅋㅞ,퀘,ㅋ,ㅞ,soft,detailed_voicebank\04_all_399_soft_female\ㅋ\퀘.wav,0.41798186,0.86495285,0.33226638,8.31012075,0.0890842,2374.06618432,0.15436176
ㅋㅟ,퀴,ㅋ,ㅟ,clean,detailed_voicebank\03_all_399_clean_female\ㅋ\퀴.wav,0.41798186,0.85995483,0.22420982,11.67642022,0.07921007,2562.10949435,0.17175243
ㅋㅟ,퀴,ㅋ,ㅟ,soft,detailed_voicebank\04_all_399_soft_female\ㅋ\퀴.wav,0.41798186,0.86481008,0.26732951,10.19747681,0.08550347,2532.39138664,0.17001075
ㅋㅠ,큐,ㅋ,ㅠ,clean,detailed_voicebank\03_all_399_clean_female\ㅋ\큐.wav,0.41798186,0.85995483,0.24097994,11.04989483,0.0703125,2874.13818615,0.23644821
ㅋㅠ,큐,ㅋ,ㅠ,soft,detailed_voicebank\04_all_399_soft_female\ㅋ\큐.wav,0.41798186,0.85914973,0.28767301,9.50339477,0.07736545,2854.12840795,0.23264903
ㅋㅡ,크,ㅋ,ㅡ,clean,detailed_voicebank\03_all_399_clean_female\ㅋ\크.wav,0.41798186,0.85995483,0.28725457,9.52417386,0.08311632,2714.90387328,0.17235606
ㅋㅡ,크,ㅋ,ㅡ,soft,detailed_voicebank\04_all_399_soft_female\ㅋ\크.wav,0.41798186,0.86395641,0.33496933,8.22973583,0.09006076,2681.17054236,0.16915359
ㅋㅢ,킈,ㅋ,ㅢ,clean,detailed_voicebank\03_all_399_clean_female\ㅋ\킈.wav,0.41798186,0.85995483,0.28578664,9.56867449,0.09884983,2920.41224522,0.21628819
ㅋㅢ,킈,ㅋ,ㅢ,soft,detailed_voicebank\04_all_399_soft_female\ㅋ\킈.wav,0.41798186,0.84902408,0.33392342,8.10546241,0.10508898,2906.76842611,0.21278151
ㅋㅣ,키,ㅋ,ㅣ,clean,detailed_voicebank\03_all_399_clean_female\ㅋ\키.wav,0.41798186,0.85995483,0.26210762,10.31992002,0.14637587,3101.96582697,0.26994543
ㅋㅣ,키,ㅋ,ㅣ,soft,detailed_voicebank\04_all_399_soft_female\ㅋ\키.wav,0.41798186,0.86095987,0.30430035,9.03360919,0.15180122,3165.04697879,0.27692364
ㅌㅏ,타,ㅌ,ㅏ,clean,detailed_voicebank\03_all_399_clean_female\ㅌ\타.wav,0.41798186,0.85995483,0.26363814,10.26934808,0.11208767,2746.95029229,0.17207009
ㅌㅏ,타,ㅌ,ㅏ,soft,detailed_voicebank\04_all_399_soft_female\ㅌ\타.wav,0.41798186,0.86314098,0.31097351,8.86716674,0.1178928,2730.17798941,0.16961384
ㅌㅐ,태,ㅌ,ㅐ,clean,detailed_voicebank\03_all_399_clean_female\ㅌ\태.wav,0.41798186,0.85995483,0.25043207,10.71571407,0.13020833,3144.94578165,0.24803142
ㅌㅐ,태,ㅌ,ㅐ,soft,detailed_voicebank\04_all_399_soft_female\ㅌ\태.wav,0.41798186,0.8590029,0.29508857,9.28084475,0.13606771,3099.65301944,0.23878846
ㅌㅑ,탸,ㅌ,ㅑ,clean,detailed_voicebank\03_all_399_clean_female\ㅌ\탸.wav,0.41798186,0.85995483,0.24270031,10.98810612,0.11588542,2896.13263237,0.25469434
ㅌㅑ,탸,ㅌ,ㅑ,soft,detailed_voicebank\04_all_399_soft_female\ㅌ\탸.wav,0.41798186,0.86040851,0.28555641,9.58025554,0.12255859,2897.20722239,0.25356436
ㅌㅒ,턔,ㅌ,ㅒ,clean,detailed_voicebank\03_all_399_clean_female\ㅌ\턔.wav,0.41798186,0.85995483,0.21495851,12.04242011,0.09819878,3042.81931706,0.25966546
ㅌㅒ,턔,ㅌ,ㅒ,soft,detailed_voicebank\04_all_399_soft_female\ㅌ\턔.wav,0.41798186,0.85920198,0.25640809,10.50327103,0.10405816,3019.72842344,0.25073198
ㅌㅓ,터,ㅌ,ㅓ,clean,detailed_voicebank\03_all_399_clean_female\ㅌ\터.wav,0.41798186,0.85995483,0.22038427,11.82590093,0.08420139,2597.28094337,0.13138328
ㅌㅓ,터,ㅌ,ㅓ,soft,detailed_voicebank\04_all_399_soft_female\ㅌ\터.wav,0.41798186,0.8654597,0.26099003,10.41245878,0.09098307,2492.0899489,0.11456957
ㅌㅔ,테,ㅌ,ㅔ,clean,detailed_voicebank\03_all_399_clean_female\ㅌ\테.wav,0.41798186,0.85995483,0.24049118,11.06752961,0.13172743,3091.1627008,0.26911163
ㅌㅔ,테,ㅌ,ㅔ,soft,detailed_voicebank\04_all_399_soft_female\ㅌ\테.wav,0.41798186,0.86128959,0.28572361,9.58406147,0.13802083,3099.04350621,0.26507869
ㅌㅕ,텨,ㅌ,ㅕ,clean,detailed_voicebank\03_all_399_clean_female\ㅌ\텨.wav,0.41798186,0.85995483,0.26401804,10.25684071,0.11035156,2933.78084967,0.24019183
ㅌㅕ,텨,ㅌ,ㅕ,soft,detailed_voicebank\04_all_399_soft_female\ㅌ\텨.wav,0.41798186,0.86017961,0.31001472,8.86413639,0.11621094,2943.3316795,0.23792691
ㅌㅖ,톄,ㅌ,ㅖ,clean,detailed_voicebank\03_all_399_clean_female\ㅌ\톄.wav,0.41798186,0.85995483,0.22472011,11.65667407,0.11078559,3141.08584756,0.28431755
ㅌㅖ,톄,ㅌ,ㅖ,soft,detailed_voicebank\04_all_399_soft_female\ㅌ\톄.wav,0.41798186,0.85869269,0.26825445,10.10581655,0.11669922,3157.81020891,0.28057988
ㅌㅗ,토,ㅌ,ㅗ,clean,detailed_voicebank\03_all_399_clean_female\ㅌ\토.wav,0.41798186,0.85995483,0.27761329,9.82070767,0.06966146,2317.79655873,0.13693611
ㅌㅗ,토,ㅌ,ㅗ,soft,detailed_voicebank\04_all_399_soft_female\ㅌ\토.wav,0.41798186,0.86228722,0.32812355,8.39229102,0.07644314,2269.41182096,0.13397349
ㅌㅘ,톼,ㅌ,ㅘ,clean,detailed_voicebank\03_all_399_clean_female\ㅌ\톼.wav,0.41798186,0.85995483,0.27720626,9.83345226,0.08723958,2434.68839636,0.13975258
ㅌㅘ,톼,ㅌ,ㅘ,soft,detailed_voicebank\04_all_399_soft_female\ㅌ\톼.wav,0.41798186,0.8618986,0.32288182,8.52825171,0.09261068,2413.29126007,0.14224273
ㅌㅙ,퇘,ㅌ,ㅙ,clean,detailed_voicebank\03_all_399_clean_female\ㅌ\퇘.wav,0.41798186,0.85995483,0.23864927,11.13431058,0.09418403,2351.19654077,0.14855098
ㅌㅙ,퇘,ㅌ,ㅙ,soft,detailed_voicebank\04_all_399_soft_female\ㅌ\퇘.wav,0.41798186,0.86400152,0.27498173,9.94421319,0.10053168,2342.15400109,0.15632553
ㅌㅚ,퇴,ㅌ,ㅚ,clean,detailed_voicebank\03_all_399_clean_female\ㅌ\퇴.wav,0.41798186,0.85995483,0.22370712,11.69591672,0.10525174,2630.70115018,0.17680945
ㅌㅚ,퇴,ㅌ,ㅚ,soft,detailed_voicebank\04_all_399_soft_female\ㅌ\퇴.wav,0.41798186,0.86527752,0.26418739,10.30486677,0.11056858,2624.64873518,0.1815591
ㅌㅛ,툐,ㅌ,ㅛ,clean,detailed_voicebank\03_all_399_clean_female\ㅌ\툐.wav,0.41798186,0.85995483,0.26695213,10.16084504,0.10720486,3054.90560346,0.26759944
ㅌㅛ,툐,ㅌ,ㅛ,soft,detailed_voicebank\04_all_399_soft_female\ㅌ\툐.wav,0.41798186,0.86417774,0.31155541,8.86135567,0.11393229,3108.57947318,0.27452488
ㅌㅜ,투,ㅌ,ㅜ,clean,detailed_voicebank\03_all_399_clean_female\ㅌ\투.wav,0.41798186,0.85995483,0.29820762,9.199138,0.0859375,2202.17041363,0.1065147
ㅌㅜ,투,ㅌ,ㅜ,soft,detailed_voicebank\04_all_399_soft_female\ㅌ\투.wav,0.41798186,0.86461249,0.34769701,7.91241104,0.09163411,2182.27810923,0.1071533
ㅌㅝ,퉈,ㅌ,ㅝ,clean,detailed_voicebank\03_all_399_clean_female\ㅌ\퉈.wav,0.41798186,0.85995483,0.26948504,10.0788196,0.09168837,2223.28269804,0.11163038
ㅌㅝ,퉈,ㅌ,ㅝ,soft,detailed_voicebank\04_all_399_soft_female\ㅌ\퉈.wav,0.41798186,0.86202409,0.31695796,8.69035467,0.097602,2203.01160474,0.11135684
ㅌㅞ,퉤,ㅌ,ㅞ,clean,detailed_voicebank\03_all_399_clean_female\ㅌ\퉤.wav,0.41798186,0.85995483,0.24075631,11.05795934,0.09266493,2451.92468376,0.15917809
ㅌㅞ,퉤,ㅌ,ㅞ,soft,detailed_voicebank\04_all_399_soft_female\ㅌ\퉤.wav,0.41798186,0.86465722,0.28045894,9.77949358,0.09906684,2448.23727476,0.1612365
ㅌㅟ,튀,ㅌ,ㅟ,clean,detailed_voicebank\03_all_399_clean_female\ㅌ\튀.wav,0.41798186,0.85995483,0.26808111,10.12418868,0.08713108,2583.33267515,0.1732124
ㅌㅟ,튀,ㅌ,ㅟ,soft,detailed_voicebank\04_all_399_soft_female\ㅌ\튀.wav,0.41798186,0.86483167,0.30977494,8.91770594,0.09163411,2566.17276998,0.16576343
ㅌㅠ,튜,ㅌ,ㅠ,clean,detailed_voicebank\03_all_399_clean_female\ㅌ\튜.wav,0.41798186,0.85995483,0.26227468,10.31438547,0.09874132,2869.84925752,0.23306345
ㅌㅠ,튜,ㅌ,ㅠ,soft,detailed_voicebank\04_all_399_soft_female\ㅌ\튜.wav,0.41798186,0.86013648,0.30964673,8.87401746,0.10400391,2886.29422776,0.23162482
ㅌㅡ,트,ㅌ,ㅡ,clean,detailed_voicebank\03_all_399_clean_female\ㅌ\트.wav,0.41798186,0.85995483,0.25179551,10.66855317,0.09602865,2728.26557897,0.18311496
ㅌㅡ,트,ㅌ,ㅡ,soft,detailed_voicebank\04_all_399_soft_female\ㅌ\트.wav,0.41798186,0.86308305,0.29762658,9.24761755,0.10313585,2694.96234742,0.18107026
ㅌㅢ,틔,ㅌ,ㅢ,clean,detailed_voicebank\03_all_399_clean_female\ㅌ\틔.wav,0.41798186,0.85995483,0.29866566,9.185807,0.09494358,3018.85725014,0.22659762
ㅌㅢ,틔,ㅌ,ㅢ,soft,detailed_voicebank\04_all_399_soft_female\ㅌ\틔.wav,0.41798186,0.8612078,0.3468486,7.89936029,0.10080295,3063.53414291,0.23232543
ㅌㅣ,티,ㅌ,ㅣ,clean,detailed_voicebank\03_all_399_clean_female\ㅌ\티.wav,0.41798186,0.85995483,0.2315189,11.3977839,0.10839844,3076.75318168,0.2983926
ㅌㅣ,티,ㅌ,ㅣ,soft,detailed_voicebank\04_all_399_soft_female\ㅌ\티.wav,0.41798186,0.85686306,0.27357369,9.91674194,0.11360677,3073.94874744,0.29361824
ㅍㅏ,파,ㅍ,ㅏ,clean,detailed_voicebank\03_all_399_clean_female\ㅍ\파.wav,0.41798186,0.85995483,0.25320856,10.61994513,0.10351562,2700.67856036,0.16731081
ㅍㅏ,파,ㅍ,ㅏ,soft,detailed_voicebank\04_all_399_soft_female\ㅍ\파.wav,0.41798186,0.86154329,0.29823077,9.21449292,0.10742188,2684.95078477,0.16816252
ㅍㅐ,패,ㅍ,ㅐ,clean,detailed_voicebank\03_all_399_clean_female\ㅍ\패.wav,0.41798186,0.85995483,0.28700226,9.53180649,0.11946615,2974.43031056,0.21281065
ㅍㅐ,패,ㅍ,ㅐ,soft,detailed_voicebank\04_all_399_soft_female\ㅍ\패.wav,0.41798186,0.86220697,0.33210293,8.28677633,0.12456597,3034.70664103,0.22220517
ㅍㅑ,퍄,ㅍ,ㅑ,clean,detailed_voicebank\03_all_399_clean_female\ㅍ\퍄.wav,0.41798186,0.85995483,0.26171852,10.33282368,0.08398438,2892.05755012,0.24051407
ㅍㅑ,퍄,ㅍ,ㅑ,soft,detailed_voicebank\04_all_399_soft_female\ㅍ\퍄.wav,0.41798186,0.85686421,0.30619559,8.93826136,0.08995226,2963.32123605,0.2464899
ㅍㅒ,퍠,ㅍ,ㅒ,clean,detailed_voicebank\03_all_399_clean_female\ㅍ\퍠.wav,0.41798186,0.85995483,0.25914142,10.41877614,0.13009983,3013.13808339,0.26278343
ㅍㅒ,퍠,ㅍ,ㅒ,soft,detailed_voicebank\04_all_399_soft_female\ㅍ\퍠.wav,0.41798186,0.86226278,0.30077223,9.14803817,0.13585069,3008.78155511,0.2582929
ㅍㅓ,퍼,ㅍ,ㅓ,clean,detailed_voicebank\03_all_399_clean_female\ㅍ\퍼.wav,0.41798186,0.85995483,0.2693484,10.0832249,0.08387587,2609.89424366,0.14265271
ㅍㅓ,퍼,ㅍ,ㅓ,soft,detailed_voicebank\04_all_399_soft_female\ㅍ\퍼.wav,0.41798186,0.86025552,0.31932272,8.60795287,0.09152561,2558.13257945,0.13766324
ㅍㅔ,페,ㅍ,ㅔ,clean,detailed_voicebank\03_all_399_clean_female\ㅍ\페.wav,0.41798186,0.85995483,0.25742567,10.47647597,0.09733073,3123.34143487,0.2618571
ㅍㅔ,페,ㅍ,ㅔ,soft,detailed_voicebank\04_all_399_soft_female\ㅍ\페.wav,0.41798186,0.86284513,0.30267547,9.09911259,0.10416667,3168.82157327,0.26618292
ㅍㅕ,펴,ㅍ,ㅕ,clean,detailed_voicebank\03_all_399_clean_female\ㅍ\펴.wav,0.41798186,0.85995483,0.2192049,11.87250764,0.11892361,3006.49976615,0.26552695
ㅍㅕ,펴,ㅍ,ㅕ,soft,detailed_voicebank\04_all_399_soft_female\ㅍ\펴.wav,0.41798186,0.86116331,0.2608476,10.37397356,0.12304688,3003.02923348,0.2618038
ㅍㅖ,폐,ㅍ,ㅖ,clean,detailed_voicebank\03_all_399_clean_female\ㅍ\폐.wav,0.41798186,0.85995483,0.2670444,10.1578434,0.09244792,3186.90944032,0.29133581
ㅍㅖ,폐,ㅍ,ㅖ,soft,detailed_voicebank\04_all_399_soft_female\ㅍ\폐.wav,0.41798186,0.86074525,0.31185118,8.81854491,0.09868707,3205.37267917,0.28669329
ㅍㅗ,포,ㅍ,ㅗ,clean,detailed_voicebank\03_all_399_clean_female\ㅍ\포.wav,0.41798186,0.85995483,0.300974,9.11893338,0.09613715,2295.92313906,0.12160667
ㅍㅗ,포,ㅍ,ㅗ,soft,detailed_voicebank\04_all_399_soft_female\ㅍ\포.wav,0.41798186,0.86266277,0.34322114,8.00534042,0.10329861,2286.09051504,0.12463248
ㅍㅘ,퐈,ㅍ,ㅘ,clean,detailed_voicebank\03_all_399_clean_female\ㅍ\퐈.wav,0.41798186,0.85995483,0.23500821,11.26785218,0.09233941,2226.52993345,0.12284991
ㅍㅘ,퐈,ㅍ,ㅘ,soft,detailed_voicebank\04_all_399_soft_female\ㅍ\퐈.wav,0.41798186,0.86270748,0.28029497,9.76496529,0.09917535,2196.90095977,0.12120647
ㅍㅙ,퐤,ㅍ,ㅙ,clean,detailed_voicebank\03_all_399_clean_female\ㅍ\퐤.wav,0.41798186,0.85995483,0.265564,10.20612881,0.07877604,2417.9301282,0.15165296
ㅍㅙ,퐤,ㅍ,ㅙ,soft,detailed_voicebank\04_all_399_soft_female\ㅍ\퐤.wav,0.41798186,0.86319605,0.30999279,8.89515699,0.08371311,2391.46390372,0.15167179
ㅍㅚ,푀,ㅍ,ㅚ,clean,detailed_voicebank\03_all_399_clean_female\ㅍ\푀.wav,0.41798186,0.85995483,0.26343209,10.27613918,0.08311632,2586.54285811,0.17439614
ㅍㅚ,푀,ㅍ,ㅚ,soft,detailed_voicebank\04_all_399_soft_female\ㅍ\푀.wav,0.41798186,0.86228748,0.30635789,8.98846011,0.08962674,2582.41513723,0.17521642
ㅍㅛ,표,ㅍ,ㅛ,clean,detailed_voicebank\03_all_399_clean_female\ㅍ\표.wav,0.41798186,0.85995483,0.24463838,10.91902105,0.09309896,2953.14482848,0.26523213
ㅍㅛ,표,ㅍ,ㅛ,soft,detailed_voicebank\04_all_399_soft_female\ㅍ\표.wav,0.41798186,0.85918558,0.2907184,9.41228915,0.09928385,2967.94847626,0.26264932
ㅍㅜ,푸,ㅍ,ㅜ,clean,detailed_voicebank\03_all_399_clean_female\ㅍ\푸.wav,0.41798186,0.85995483,0.30635475,8.96502042,0.06629774,2152.9614581,0.10810556
ㅍㅜ,푸,ㅍ,ㅜ,soft,detailed_voicebank\04_all_399_soft_female\ㅍ\푸.wav,0.41798186,0.86607036,0.35510216,7.7439973,0.07259115,2122.71737885,0.10906708
ㅍㅝ,풔,ㅍ,ㅝ,clean,detailed_voicebank\03_all_399_clean_female\ㅍ\풔.wav,0.41798186,0.85995483,0.24819944,10.79349703,0.10232205,2367.83992488,0.12003983
ㅍㅝ,풔,ㅍ,ㅝ,soft,detailed_voicebank\04_all_399_soft_female\ㅍ\풔.wav,0.41798186,0.86548962,0.29157025,9.45037317,0.10883247,2342.28592817,0.11665151
ㅍㅞ,풰,ㅍ,ㅞ,clean,detailed_voicebank\03_all_399_clean_female\ㅍ\풰.wav,0.41798186,0.85995483,0.25121546,10.68858561,0.10709635,2378.66561549,0.14609341
ㅍㅞ,풰,ㅍ,ㅞ,soft,detailed_voicebank\04_all_399_soft_female\ㅍ\풰.wav,0.41798186,0.86550082,0.29538387,9.33761424,0.11349826,2355.36764767,0.1457261
ㅍㅟ,퓌,ㅍ,ㅟ,clean,detailed_voicebank\03_all_399_clean_female\ㅍ\퓌.wav,0.41798186,0.85995483,0.28310392,9.65059524,0.07508681,2418.49337423,0.16269387
ㅍㅟ,퓌,ㅍ,ㅟ,soft,detailed_voicebank\04_all_399_soft_female\ㅍ\퓌.wav,0.41798186,0.86479384,0.33236902,8.30584099,0.08067491,2375.18014663,0.16007114
ㅍㅠ,퓨,ㅍ,ㅠ,clean,detailed_voicebank\03_all_399_clean_female\ㅍ\퓨.wav,0.41798186,0.85995483,0.27465209,9.91385478,0.08051215,2904.51172557,0.24206336
ㅍㅠ,퓨,ㅍ,ㅠ,soft,detailed_voicebank\04_all_399_soft_female\ㅍ\퓨.wav,0.41798186,0.86356013,0.32176388,8.57510569,0.08713108,2930.07445464,0.24326403
ㅍㅡ,프,ㅍ,ㅡ,clean,detailed_voicebank\03_all_399_clean_female\ㅍ\프.wav,0.41798186,0.85995483,0.26267505,10.30113635,0.09592014,2668.40845177,0.18090902
ㅍㅡ,프,ㅍ,ㅡ,soft,detailed_voicebank\04_all_399_soft_female\ㅍ\프.wav,0.41798186,0.86356829,0.31015665,8.89431171,0.10275608,2663.58743053,0.18261463
ㅍㅢ,픠,ㅍ,ㅢ,clean,detailed_voicebank\03_all_399_clean_female\ㅍ\픠.wav,0.41798186,0.85995483,0.26191062,10.32645077,0.09678819,2803.81572508,0.21133736
ㅍㅢ,픠,ㅍ,ㅢ,soft,detailed_voicebank\04_all_399_soft_female\ㅍ\픠.wav,0.41798186,0.86337421,0.30579544,9.01536133,0.1022678,2816.53416205,0.21176328
ㅍㅣ,피,ㅍ,ㅣ,clean,detailed_voicebank\03_all_399_clean_female\ㅍ\피.wav,0.41798186,0.85995483,0.25726189,10.48200386,0.09917535,3055.22905026,0.30972202
ㅍㅣ,피,ㅍ,ㅣ,soft,detailed_voicebank\04_all_399_soft_female\ㅍ\피.wav,0.41798186,0.86090974,0.30380092,9.04737071,0.10492622,3051.6835668,0.30364361
ㅎㅏ,하,ㅎ,ㅏ,clean,detailed_voicebank\03_all_399_clean_female\ㅎ\하.wav,0.4555102,0.85995483,0.24939537,10.75174513,0.11400408,2727.61609371,0.17075124
ㅎㅏ,하,ㅎ,ㅏ,soft,detailed_voicebank\04_all_399_soft_female\ㅎ\하.wav,0.4555102,0.86206354,0.29390157,9.34674726,0.11166426,2711.48667621,0.16741338
ㅎㅐ,해,ㅎ,ㅐ,clean,detailed_voicebank\03_all_399_clean_female\ㅎ\해.wav,0.4555102,0.85995483,0.25269422,10.63760669,0.14098671,2905.1672564,0.22232479
ㅎㅐ,해,ㅎ,ㅐ,soft,detailed_voicebank\04_all_399_soft_female\ㅎ\해.wav,0.4555102,0.86532262,0.2957431,9.32526865,0.13929407,2888.70546568,0.21946773
ㅎㅑ,햐,ㅎ,ㅑ,clean,detailed_voicebank\03_all_399_clean_female\ㅎ\햐.wav,0.4555102,0.85995483,0.2237377,11.69472944,0.13103002,2969.49181412,0.26238842
ㅎㅑ,햐,ㅎ,ㅑ,soft,detailed_voicebank\04_all_399_soft_female\ㅎ\햐.wav,0.4555102,0.86024629,0.26230038,10.31647774,0.12883955,3028.15670829,0.26491729
ㅎㅒ,햬,ㅎ,ㅒ,clean,detailed_voicebank\03_all_399_clean_female\ㅎ\햬.wav,0.4555102,0.85995483,0.2349377,11.27045875,0.13541096,2975.59513762,0.23126645
ㅎㅒ,햬,ㅎ,ㅒ,soft,detailed_voicebank\04_all_399_soft_female\ㅎ\햬.wav,0.4555102,0.85758668,0.27368972,9.92039083,0.13376811,3033.48604438,0.23910543
ㅎㅓ,허,ㅎ,ㅓ,clean,detailed_voicebank\03_all_399_clean_female\ㅎ\허.wav,0.4555102,0.85995483,0.24973914,10.73978051,0.11231145,2602.81482037,0.13005543
ㅎㅓ,허,ㅎ,ㅓ,soft,detailed_voicebank\04_all_399_soft_female\ㅎ\허.wav,0.4555102,0.86334053,0.28684893,9.57057793,0.11051924,2584.25165447,0.13018073
ㅎㅔ,헤,ㅎ,ㅔ,clean,detailed_voicebank\03_all_399_clean_female\ㅎ\헤.wav,0.4555102,0.85995483,0.27204824,9.99659449,0.14038931,3054.81714246,0.26022234
ㅎㅔ,헤,ㅎ,ㅔ,soft,detailed_voicebank\04_all_399_soft_female\ㅎ\헤.wav,0.4555102,0.86564875,0.31798197,8.69878407,0.13939364,3076.70050026,0.26061999
ㅎㅕ,혀,ㅎ,ㅕ,clean,detailed_voicebank\03_all_399_clean_female\ㅎ\혀.wav,0.4555102,0.85995483,0.20551558,12.43261766,0.1199781,3087.01467914,0.26692937
ㅎㅕ,혀,ㅎ,ㅕ,soft,detailed_voicebank\04_all_399_soft_female\ㅎ\혀.wav,0.4555102,0.85703392,0.24460028,10.89082135,0.11649325,3092.55503283,0.26592988
ㅎㅖ,혜,ㅎ,ㅖ,clean,detailed_voicebank\03_all_399_clean_female\ㅎ\혜.wav,0.4555102,0.85995483,0.24938552,10.75208819,0.12445861,3142.35650203,0.2898026
ㅎㅖ,혜,ㅎ,ㅖ,soft,detailed_voicebank\04_all_399_soft_female\ㅎ\혜.wav,0.4555102,0.86170709,0.29355483,9.35340878,0.12311445,3172.23742665,0.28989331
ㅎㅗ,호,ㅎ,ㅗ,clean,detailed_voicebank\03_all_399_clean_female\ㅎ\호.wav,0.4555102,0.85995483,0.26086609,10.36116038,0.08662319,2448.21113562,0.13735459
ㅎㅗ,호,ㅎ,ㅗ,soft,detailed_voicebank\04_all_399_soft_female\ㅎ\호.wav,0.4555102,0.86331857,0.30599055,9.00926143,0.08547817,2407.37412815,0.13451199
ㅎㅘ,화,ㅎ,ㅘ,clean,detailed_voicebank\03_all_399_clean_female\ㅎ\화.wav,0.4555102,0.85995483,0.22734866,11.55566468,0.11709066,2338.58184436,0.13220049
ㅎㅘ,화,ㅎ,ㅘ,soft,detailed_voicebank\04_all_399_soft_female\ㅎ\화.wav,0.4555102,0.86283654,0.27000952,10.0909892,0.1145517,2313.09028827,0.13012088
ㅎㅙ,홰,ㅎ,ㅙ,clean,detailed_voicebank\03_all_399_clean_female\ㅎ\홰.wav,0.4555102,0.85995483,0.21121632,12.19496338,0.10305172,2451.76848225,0.13867668
ㅎㅙ,홰,ㅎ,ㅙ,soft,detailed_voicebank\04_all_399_soft_female\ㅎ\홰.wav,0.4555102,0.8661182,0.25255169,10.70453781,0.10190671,2426.32392896,0.13733158
ㅎㅚ,회,ㅎ,ㅚ,clean,detailed_voicebank\03_all_399_clean_female\ㅎ\회.wav,0.4555102,0.85995483,0.19705091,12.79794408,0.10952357,2474.29782264,0.16132625
ㅎㅚ,회,ㅎ,ㅚ,soft,detailed_voicebank\04_all_399_soft_female\ㅎ\회.wav,0.4555102,0.86446573,0.2370119,11.23955269,0.1082292,2447.28792538,0.1597295
ㅎㅛ,효,ㅎ,ㅛ,clean,detailed_voicebank\03_all_399_clean_female\ㅎ\효.wav,0.4555102,0.85995483,0.2583513,10.44529981,0.10185692,2873.01438615,0.25283324
ㅎㅛ,효,ㅎ,ㅛ,soft,detailed_voicebank\04_all_399_soft_female\ㅎ\효.wav,0.4555102,0.8605933,0.30177359,9.10233462,0.10046299,2957.95045034,0.25964875
ㅎㅜ,후,ㅎ,ㅜ,clean,detailed_voicebank\03_all_399_clean_female\ㅎ\후.wav,0.4555102,0.85995483,0.20342329,12.52149954,0.06810375,2170.41953724,0.10901744
ㅎㅜ,후,ㅎ,ㅜ,soft,detailed_voicebank\04_all_399_soft_female\ㅎ\후.wav,0.4555102,0.86323865,0.24469983,10.94994415,0.06680938,2082.76569765,0.09767412
ㅎㅝ,훠,ㅎ,ㅝ,clean,detailed_voicebank\03_all_399_clean_female\ㅎ\훠.wav,0.4555102,0.85995483,0.17033652,14.06335766,0.0911037,2346.77271518,0.11735512
ㅎㅝ,훠,ㅎ,ㅝ,soft,detailed_voicebank\04_all_399_soft_female\ㅎ\훠.wav,0.4555102,0.86155203,0.20342054,12.53773399,0.08846518,2269.36964481,0.10919675
ㅎㅞ,훼,ㅎ,ㅞ,clean,detailed_voicebank\03_all_399_clean_female\ㅎ\훼.wav,0.4555102,0.85995483,0.20906417,12.28392049,0.1199781,2397.70461494,0.14043606
ㅎㅞ,훼,ㅎ,ㅞ,soft,detailed_voicebank\04_all_399_soft_female\ㅎ\훼.wav,0.4555102,0.86167899,0.24966324,10.75981792,0.11813611,2345.71822173,0.1330614
ㅎㅟ,휘,ㅎ,ㅟ,clean,detailed_voicebank\03_all_399_clean_female\ㅎ\휘.wav,0.4555102,0.85995483,0.19768938,12.76984619,0.10932444,2387.12083969,0.15464562
ㅎㅟ,휘,ㅎ,ㅟ,soft,detailed_voicebank\04_all_399_soft_female\ㅎ\휘.wav,0.4555102,0.86305862,0.23506957,11.29687759,0.10713397,2332.97072684,0.14931923
ㅎㅠ,휴,ㅎ,ㅠ,clean,detailed_voicebank\03_all_399_clean_female\ㅎ\휴.wav,0.4555102,0.85995483,0.24432706,10.93008129,0.12067506,3084.58820659,0.26786224
ㅎㅠ,휴,ㅎ,ㅠ,soft,detailed_voicebank\04_all_399_soft_female\ㅎ\휴.wav,0.4555102,0.85783839,0.28843305,9.46720921,0.11913178,3089.55683929,0.26271221
ㅎㅡ,흐,ㅎ,ㅡ,clean,detailed_voicebank\03_all_399_clean_female\ㅎ\흐.wav,0.4555102,0.85995483,0.22369858,11.69624834,0.12555384,2617.43775136,0.19315834
ㅎㅡ,흐,ㅎ,ㅡ,soft,detailed_voicebank\04_all_399_soft_female\ㅎ\흐.wav,0.4555102,0.86380215,0.26542697,10.24938449,0.12485687,2567.60577229,0.19108276
ㅎㅢ,희,ㅎ,ㅢ,clean,detailed_voicebank\03_all_399_clean_female\ㅎ\희.wav,0.4555102,0.85995483,0.242128,11.00861268,0.11768806,2828.32026591,0.20357081
ㅎㅢ,희,ㅎ,ㅢ,soft,detailed_voicebank\04_all_399_soft_female\ㅎ\희.wav,0.4555102,0.86156109,0.28381503,9.64501356,0.11619455,2806.55073559,0.19905398
ㅎㅣ,히,ㅎ,ㅣ,clean,detailed_voicebank\03_all_399_clean_female\ㅎ\히.wav,0.4555102,0.85995483,0.22398508,11.68513096,0.13809927,3036.54983631,0.29005047
ㅎㅣ,히,ㅎ,ㅣ,soft,detailed_voicebank\04_all_399_soft_female\ㅎ\히.wav,0.4555102,0.86143932,0.2665891,10.18764612,0.13506248,3056.83502361,0.29263077
